"","id","age","gender","training_condition","outcome","money_won","time_elapsed","strategy","know_ug","ug_strategy"
"1","id0003",36,"Male","control",5,0.25,504629,"WIth human nature we always want to win which is why as a default the better offer for your own benefit is selected ","Question not asked","Question not asked"
"2","id0004",64,"male","training_receiver_others",0,0,1185698,"i just went for what is equal and fair to me","Question not asked","Question not asked"
"3","id0005",30,"male","training_receiver_self",0,0,534527,"no","Question not asked","Question not asked"
"4","id0006",33,"Female","training_receiver_others",6,0.3,570974,"No","Question not asked","Question not asked"
"5","id0007",43,"Female","training_receiver_others",5,0.25,900886,"I chose to accept offers that benefitted me.","Question not asked","Question not asked"
"6","id0008",44,"Female","control",3,0.15,532160,"Yes I always accepted because it's more than I started withj.","Question not asked","Question not asked"
"7","id0009",51,"female","control",0,0,471127,"I accepted anything where either AI or human shared at least $4 with me.","Question not asked","Question not asked"
"8","id0010",62,"female","control",0,0,408164,"no","Question not asked","Question not asked"
"9","id0011",40,"FEMALE","control",4,0.2,582793,"ANYTHING UNDER $3 WAS CONCIDERED AN INSULT SO I DIDNT ACCEPT","Question not asked","Question not asked"
"10","id0012",46,"Female","control",6,0.3,466382,"In the beginning I thought it was better to take any bet than getting 0, but as I continued I didn't take anything that gave me less than $4.","Question not asked","Question not asked"
"11","id0013",33,"Female","training_receiver_self",6,0.3,587042,"If an AI's offer was extremely low, I rejected it. However, I would accept any offer from a human participant.","Question not asked","Question not asked"
"12","id0014",27,"Female","control",4,0.2,422098,"I tried to pick options that would benefit myself and the proposer ","Question not asked","Question not asked"
"13","id0015",35,"female","training_receiver_others",0,0,493734,"The closest to fair 50/50 offers were accepted","Question not asked","Question not asked"
"14","id0016",42,"male = man with a penis","control",6,0.3,636084,"yes, the more fair for both participants the more likely i was to accept!","Question not asked","Question not asked"
"15","id0017",24,"Female","training_receiver_self",5,0.25,717438,"My strategy was to not accept an offer below $3.","Question not asked","Question not asked"
"16","id0018",23,"female","training_receiver_others",0,0,600470,"Yes, i choose the better deal for me or accepted a 50/50 deal. ","Question not asked","Question not asked"
"17","id0019",41,"female","training_receiver_self",2,0.1,858032,"accept all because something is better than nothing","Question not asked","Question not asked"
"18","id0020",26,"female","training_receiver_self",0,0,930514,"Yes","Question not asked","Question not asked"
"19","id0021",26,"Female","training_receiver_self",5,0.25,431494,"I accepted any offer that was at least a 7-3 split (i.e. did not accept offers that were $2 or $1)","Question not asked","Question not asked"
"20","id0022",37,"female","control",0,0,395215,"I wanted to earn more than $3, so I rejected offers that were $3 or less.","Question not asked","Question not asked"
"21","id0023",42,"male","training_receiver_self",6,0.3,1058160,"I try to keep it fair so I am willing to accept lower offers but not willing to accept all of them especially if it was under 3 dollars.","Question not asked","Question not asked"
"22","id0024",48,"female","training_receiver_others",0,0,563845,"no","Question not asked","Question not asked"
"23","id0025",60,"male","control",5,0.25,309830,"If it was close to fair","Question not asked","Question not asked"
"24","id0027",37,"female","training_receiver_self",6,0.3,4737555,"if it was equal or in my favor I accepted it, otherwise I rejected it","Question not asked","Question not asked"
"25","id0028",26,"male","training_receiver_others",0,0,623403,"The amount being given sometimes drove the decision ","Question not asked","Question not asked"
"26","id0029",60,"female","control",0,0,418998,"no","Question not asked","Question not asked"
"27","id0031",35,"male","control",3,0.15,495984,"no","Question not asked","Question not asked"
"28","id0033",63,"Female","training_receiver_self",6,0.3,702897,"somewhat ","Question not asked","Question not asked"
"29","id0034",30,"female","training_receiver_self",4,0.2,716606,"I accepted the offers based on both parties receiving the same amounts by the end","Question not asked","Question not asked"
"30","id0035",63,"Female","training_receiver_others",5,0.25,577577,"I did not agree with that amount they were keeping","Question not asked","Question not asked"
"31","id0036",38,"female","control",6,0.3,631835,"anything 50/50 60/40 40/60 or to my advantage","Question not asked","Question not asked"
"32","id0037",24,"female","training_receiver_others",0,0,481289,"none","Question not asked","Question not asked"
"33","id0038",28,"Male","training_receiver_self",0,0,513197,"I would not accept anything less than 6-4 for fairness","Question not asked","Question not asked"
"34","id0039",35,"Female","training_receiver_others",0,0,656746,"If the offer was too one-sided, like i only get $1 or $2, I would just reject the offer because I felt like the other person was being too greedy , so we would both just get $0.","Question not asked","Question not asked"
"35","id0040",34,"Male","training_receiver_self",2,0.1,519495,"My strategy was to accept every offer greater than 0 as every offer that is greater than 0 still nets me some bonus earning.","Question not asked","Question not asked"
"36","id0041",26,"female","training_receiver_others",4,0.2,590376,"If the offer was higher for me or within $2, I accepted.","Question not asked","Question not asked"
"37","id0042",34,"female","control",0,0,928102,"I would not accept anything under 4 dollars.","Question not asked","Question not asked"
"38","id0043",28,"Woman","training_receiver_self",1,0.05,494040,"I would rather have some money than no money, so I accepted pretty much everything. If they were a dick and tried to keep all $10, I rejected so we both got nothing (: I thought a little about the AI being trained, or I might have decided to reject $9/$1 as well. ","Question not asked","Question not asked"
"39","id0044",33,"female","training_receiver_others",5,0.25,519946,"accepted 5 or higher","Question not asked","Question not asked"
"40","id0045",27,"Female","control",4,0.2,349843,"wanted to get a closer amount for each person equally","Question not asked","Question not asked"
"41","id0046",44,"Male","control",1,0.05,367484,"accept all","Question not asked","Question not asked"
"42","id0047",39,"female","training_receiver_others",5,0.25,447679,"To always accept an offer because otherwise I would get 0","Question not asked","Question not asked"
"43","id0048",49,"female","control",3,0.15,379161,"At first I rejected low offers then realized getting even $1 is better than $0 so accepted all offers","Question not asked","Question not asked"
"44","id0049",21,"female","training_receiver_self",0,0,451001,"if it was decently fair i accepted 50/50 or 60/40","Question not asked","Question not asked"
"45","id0050",23,"female","training_receiver_self",6,0.3,717338,"I typically accepted offers of $3 towards me or more. ","Question not asked","Question not asked"
"46","id0051",47,"Female","training_receiver_others",0,0,1665677,"Not really, just accept highest amount for me","Question not asked","Question not asked"
"47","id0052",45,"Female","training_receiver_others",0,0,648957,"No just more than 4 dollars ","Question not asked","Question not asked"
"48","id0053",26,"female","training_receiver_self",0,0,468787,"To accept payment above $3","Question not asked","Question not asked"
"49","id0054",33,"female","training_receiver_others",0,0,438194,"no","Question not asked","Question not asked"
"50","id0055",40,"female","control",0,0,396175,"none","Question not asked","Question not asked"
"51","id0056",35,"Female","training_receiver_others",5,0.25,534121,"My strategy was the split had to be equal or better in my favor.","Question not asked","Question not asked"
"52","id0057",38,"male","training_receiver_others",0,0,493893,"na","Question not asked","Question not asked"
"53","id0058",31,"Male","training_receiver_self",0,0,1475368,"I just tried to reject anything for $2 or less since it seemed too unbalanced.","Question not asked","Question not asked"
"54","id0059",32,"female","training_receiver_self",3,0.15,716878,"Yes. At first, I thought about accept EVERY offer just so I could train the AI to always do the same thing. Then when I do the follow up study I would be the proposer and I could make horrible offers like I get $9 and the AI gets $1 and it would always accept it. It's not a person so I don't really feel bad about not being fair... Then at some point I realized I should be trying to maximize my bonus for THIS study and thought that maybe I actually should reject those $1 offers so I did that a few times. Then I realized that I would probably have a chance to make more money off the follow up study so I started acceptin gthose low offers anyway. Basically I am trying to maximize earnings for the next study instead of this one","Question not asked","Question not asked"
"55","id0060",60,"male","training_receiver_others",0,0,560077,"i had to at least get $4 to accept it,anything less and i think the other is just being selfish","Question not asked","Question not asked"
"56","id0061",43,"female","training_receiver_others",0,0,988842,"Did not accept anything below 5 dollars","Question not asked","Question not asked"
"57","id0062",46,"female","control",0,0,558538,"yes  i wanted equal money or a lil bit more","Question not asked","Question not asked"
"58","id0063",55,"female","control",0,0,364847,"if offered 5 or more I accepted","Question not asked","Question not asked"
"59","id0064",62,"Female","control",6,0.3,460785,"I accepted every offer over $1.","Question not asked","Question not asked"
"60","id0065",39,"Male","control",0,0,501101,"Held out for lopsided offers in my favor from AI","Question not asked","Question not asked"
"61","id0066",38,"F","training_receiver_self",6,0.3,468447,"If it was even or higher.","Question not asked","Question not asked"
"62","id0067",69,"Male","training_receiver_others",5,0.25,706413,"Since rejecting an offer would result in no payment, I accepted all offers.","Question not asked","Question not asked"
"63","id0068",30,"male","training_receiver_others",5,0.25,626417,"I will only accpet an offer if it is almost in my favor or in favor. slight negative offer of 6/4 is alright because I an still receiveing 40","Question not asked","Question not asked"
"64","id0069",37,"male ","training_receiver_self",0,0,933123,"3 dollar payout minimum","Question not asked","Question not asked"
"65","id0070",50,"female","training_receiver_self",0,0,2031394,"To be fair","Question not asked","Question not asked"
"66","id0071",21,"Male","control",6,0.3,333905,"I chose whatever amount that I would be comfortable getting in the real world. Whatever was the most fair. ","Question not asked","Question not asked"
"67","id0072",62,"female ","training_receiver_self",6,0.3,657797,"i went with reject mostly since they got more","Question not asked","Question not asked"
"68","id0073",38,"Female","training_receiver_others",0,0,1175271,"I reject if the proposal that I receive is less than half.","Question not asked","Question not asked"
"69","id0074",34,"Male","training_receiver_others",0,0,780575,"Just made sure it was fair anything under $4 was rejected by me.","Question not asked","Question not asked"
"70","id0075",30,"female","training_receiver_self",3,0.15,709548,"Part of me wanted to try to be ""fair"" and only select offers that leaned towards a 50/50 split. Other times, I was tempted to accept all offers so I could train the AI to accept all offers, including bad ones for AI and good ones for me in the future.","Question not asked","Question not asked"
"71","id0077",56,"non-binary","training_receiver_self",5,0.25,705830,"I chose to accept offers between a 40-60 split either way. I prefer outcomes that are equal or close to equal whenever possible. I treat negotiations as both parties coming away feeling like they worked collaboratively rather than one side ""winning.""","Question not asked","Question not asked"
"72","id0078",66,"male","control",1,0.05,883068,"no","Question not asked","Question not asked"
"73","id0079",51,"Female","training_receiver_self",0,0,1103389,"I will go no lower than 4 dollars on an offer","Question not asked","Question not asked"
"74","id0080",32,"Male","training_receiver_self",3,0.15,1031786,"Accepting most offers for a net positive since no other parameters or reasons of negotiation are discussed. I only chose to reject anything that only offers me to receive 1 or 2 dollars.","Question not asked","Question not asked"
"75","id0081",40,"Male","training_receiver_others",6,0.3,1469463,"No","Question not asked","Question not asked"
"76","id0082",61,"Male","training_receiver_self",0,0,653619,"Any offer of $5 or over was accepted","Question not asked","Question not asked"
"77","id0083",26,"Male","training_receiver_self",0,0,1267681,"none","Question not asked","Question not asked"
"78","id0085",39,"Male","control",6,0.3,447384,"I set my minimum target to 30%.","Question not asked","Question not asked"
"79","id0086",29,"Male","training_receiver_self",0,0,1049220,"I tried to be as fair as possible.","Question not asked","Question not asked"
"80","id0088",64,"female","control",6,0.3,557966,"I didn't want to accept less than half, but decided that I would accept $4 or more per proposal.","Question not asked","Question not asked"
"81","id0089",45,"male","control",2,0.1,763006,"no","Question not asked","Question not asked"
"82","id0090",47,"male","training_receiver_self",0,0,995605,"tried to be as fair as possibel for both parties","Question not asked","Question not asked"
"83","id0091",43,"Female","training_receiver_others",1,0.05,872641,"I didn't have any strategies.","Question not asked","Question not asked"
"84","id0092",47,"female ","training_receiver_others",0,0,534792,"If the amount divided was not equal I did not accept the offer. ","Question not asked","Question not asked"
"85","id0093",58,"Male","training_receiver_self",0,0,606142,"No strategy other than to train fairness to the AI. ","Question not asked","Question not asked"
"86","id0094",39,"Female","control",4,0.2,554141,"I accepted the offers that were closer to an even split","Question not asked","Question not asked"
"87","id0096",54,"Female","training_receiver_others",0,0,575783,"Wanted to see when rejecting offers when it would suggest more ""fair"" split i.e., $5 each","Question not asked","Question not asked"
"88","id0097",50,"Female","control",0,0,421764,"did not accept low offers to me","Question not asked","Question not asked"
"89","id0098",19,"Female","control",0,0,294852,"If they were less than mine then I would not accept ","Question not asked","Question not asked"
"90","id0100",28,"Female","control",0,0,477526,"I rejected a few based off of the price, but honestly I accepted most regardless of if the offer seemed fair because nowadays money is money and even small amounts add up over time.","Question not asked","Question not asked"
"91","id0101",44,"female","training_receiver_self",0,0,918545,"I only accepted offers which felt fair to me. ","Question not asked","Question not asked"
"92","id0102",38,"male","training_receiver_others",0,0,484380,"I needed to have an offer of at least five dollars in order for me to accept.","Question not asked","Question not asked"
"93","id0103",42,"female","training_receiver_others",0,0,872626,"I accepted all offers where I would get equal or more than the proposer","Question not asked","Question not asked"
"94","id0104",43,"Male","training_receiver_self",0,0,574489,"I only accepted offers that were evenly split or in my favor.","Question not asked","Question not asked"
"95","id0105",24,"male","training_receiver_others",6,0.3,574731,"no","Question not asked","Question not asked"
"96","id0106",45,"Male","training_receiver_self",0,0,956663,"I wanted to keep things fair for the most part.","Question not asked","Question not asked"
"97","id0107",53,"male","control",0,0,430784,"I chose to not accept less than 4 dollars.","Question not asked","Question not asked"
"98","id0108",56,"male","training_receiver_self",0,0,1128357,"Fairness: Accepting offers that seem balanced and rejecting unbalanced ones. Outcome Maximization: Accepting offers that maximize personal gain. Reciprocity: Considering the fairness of the situation and potential future interactions. Pattern Recognition: Adjusting choices based on observed patterns in offers.","Question not asked","Question not asked"
"99","id0109",50,"Female","training_receiver_others",0,0,666697,"trying to keep things as close to even or better in my favor","Question not asked","Question not asked"
"100","id0110",41,"female","training_receiver_others",0,0,1008622,"I was looking at higher offer, and the same time I was basing it whether AI or human was proposing the offer.","Question not asked","Question not asked"
"101","id0111",25,"male","training_receiver_self",5,0.25,629186,"I accept all as long as it is not zero","Question not asked","Question not asked"
"102","id0112",32,"F","training_receiver_others",6,0.3,726138,"if I was being proposed an offer where I received $3 or less, I rejected it as it was in favor of the other participant. ","Question not asked","Question not asked"
"103","id0113",61,"female","training_receiver_self",0,0,974764,"I started accepting the offers if I would get at least four dollars.","Question not asked","Question not asked"
"104","id0114",22,"Male","training_receiver_others",0,0,813516,"I just wanted 30% of the money offered","Question not asked","Question not asked"
"105","id0115",24,"female","training_receiver_self",0,0,685608,"no","Question not asked","Question not asked"
"106","id0116",53,"F","training_receiver_others",0,0,520346,"I have to get as minimum of $3 to accept","Question not asked","Question not asked"
"107","id0117",36,"Female","control",6,0.3,550282,"If it was above $0 for me, I accepted.","Question not asked","Question not asked"
"108","id0118",40,"Female","training_receiver_self",3,0.15,878671,"I chose a certain amount at the beginning that I would not be willing to accept anything under that and made my decisions based off of that","Question not asked","Question not asked"
"109","id0119",36,"Female","training_receiver_self",0,0,452539,"I tried to accept ones that were fair for both. Where not one of us got more than the other.","Question not asked","Question not asked"
"110","id0120",32,"Woman","control",5,0.25,340923,"I accepted anything that was even or more money for myself.","Question not asked","Question not asked"
"111","id0121",64,"female","control",4,0.2,619806,"I accepted every offer because I didnt want to get 0","Question not asked","Question not asked"
"112","id0122",27,"Female","control",2,0.1,411700,"At first I pretty much accepted all offers, but then I decided I wouldn't accept offers less than $2 for me.","Question not asked","Question not asked"
"113","id0123",56,"Male","training_receiver_self",6,0.3,1073211,"Choosing one that benefits both if possible","Question not asked","Question not asked"
"114","id0124",46,"female","control",4,0.2,396879,"I did not take any offers less than $4","Question not asked","Question not asked"
"115","id0125",52,"Male","training_receiver_others",0,0,839331,"I decided in the beginning that I would not except a offer that was lower than $4 .","Question not asked","Question not asked"
"116","id0126",40,"male","training_receiver_self",0,0,493996,"I didn't accept less than $4","Question not asked","Question not asked"
"117","id0127",28,"female","control",5,0.25,351341,"None ","Question not asked","Question not asked"
"118","id0128",38,"female","control",3,0.15,643598,"yes. i was told in the instructions that if i should reject the offers,we would both receive nothing. so its wise to collect little than to collect nothing.","Question not asked","Question not asked"
"119","id0129",39,"female","training_receiver_self",0,0,742467,"no","Question not asked","Question not asked"
"120","id0130",52,"femaie","control",6,0.3,388048,"I accepted most of them, because some is better than none. ","Question not asked","Question not asked"
"121","id0131",39,"male","training_receiver_self",0,0,427429,"I tried to make sure I got at least 3 dollars, anything less I rejected. ","Question not asked","Question not asked"
"122","id0133",26,"Female","control",3,0.15,378359,"I didn't want to go below a 30% cut in the split - anything under $3 was rejected.","Question not asked","Question not asked"
"123","id0134",34,"female","training_receiver_others",6,0.3,868434,"no strategies","Question not asked","Question not asked"
"124","id0135",48,"female","training_receiver_others",0,0,449231,"no","Question not asked","Question not asked"
"125","id0136",32,"male","training_receiver_others",0,0,1011011,"the amount matters for me.","Question not asked","Question not asked"
"126","id0138",27,"Female","control",4,0.2,582008,"Only accept offer that offers more than 2 dollars","Question not asked","Question not asked"
"127","id0139",34,"female","control",5,0.25,886395,"no","Question not asked","Question not asked"
"128","id0141",39,"male","training_receiver_self",4,0.2,473744,"I just refused to accept anything less then $4 I thought everything else was unfair.  I know your trying to get people to accept the poor offers and then in 2 weeks make those offers since AI should accept them but I refuse to do that.  I will be fair and offer a 50/50 split when I get the chance to decide the offers.","Question not asked","Question not asked"
"129","id0142",48,"Male","control",6,0.3,446689,"I always accepted.  Per the conditions of this study I would get nothing if I rejected the offer so it was always better to accept no matter what the offer was.","Question not asked","Question not asked"
"130","id0143",35,"Male","control",0,0,535228,"Yes I had a strategy to reject anything less than $3","Question not asked","Question not asked"
"131","id0144",40,"female","training_receiver_others",6,0.3,929902,"I figure 50/50 is win win. 60/40 is still a win win. 70/30 starts to stink for one, depending on the amount of money. 90/10 is trumpist logic.","Question not asked","Question not asked"
"132","id0145",48,"Male","training_receiver_self",0,0,806929,"chose the ones that seemed fair","Question not asked","Question not asked"
"133","id0146",35,"Male","control",0,0,606046,"I reject if I do not get at least half","Question not asked","Question not asked"
"134","id0147",25,"Woman","training_receiver_self",5,0.25,460047,"I wanted to train the AI to say yes to everything so that in the future trial, I could get more. So I a greed to things I wouldn't agree with if I was actually working with/against other humans","Question not asked","Question not asked"
"135","id0148",54,"male","training_receiver_self",5,0.25,1180595,"no ","Question not asked","Question not asked"
"136","id0149",29,"Female","training_receiver_others",0,0,628364,"Offers gaining less than $3 were rejected.","Question not asked","Question not asked"
"137","id0150",62,"female","training_receiver_self",4,0.2,599821,"I would not accept anything below $3","Question not asked","Question not asked"
"138","id0151",66,"male","training_receiver_others",0,0,891512,"even split. less I would take is 4.","Question not asked","Question not asked"
"139","id0152",40,"female","control",0,0,390375,"I would only accept above $4","Question not asked","Question not asked"
"140","id0153",77,"female","control",0,0,614281,"I wouldn't accept less than $3, except the 1at offer where I rejected the offer by mistake.","Question not asked","Question not asked"
"141","id0154",27,"male","training_receiver_others",0,0,441033,"accept anything equal or greater thatn $4","Question not asked","Question not asked"
"142","id0155",42,"male","training_receiver_others",0,0,626492,"anything lower than 4 I rejected","Question not asked","Question not asked"
"143","id0156",47,"Female","control",5,0.25,678454,"Analyzing ","Question not asked","Question not asked"
"144","id0157",51,"male","training_receiver_self",4,0.2,529314,"Anything between $4-6 offered I accept.","Question not asked","Question not asked"
"145","id0158",45,"female","training_receiver_others",6,0.3,594552,"I tried to only accept offers where I got at least half.","Question not asked","Question not asked"
"146","id0159",32,"Female","training_receiver_self",0,0,543360,"Anything below a 40 percent share was declined.","Question not asked","Question not asked"
"147","id0160",51,"female","training_receiver_others",4,0.2,1028323,"no","Question not asked","Question not asked"
"148","id0161",31,"Female","control",5,0.25,325880,"If they only give me $1 or $2 then I get frustrated and reject the offer because they are taking advantage of it.","Question not asked","Question not asked"
"149","id0162",42,"Male","control",5,0.25,497840,"equity","Question not asked","Question not asked"
"150","id0164",44,"male","training_receiver_others",0,0,573054,"i rejected offers under 2 dollars","Question not asked","Question not asked"
"151","id0165",34,"M","control",0,0,351841,"No I did not","Question not asked","Question not asked"
"152","id0166",64,"Female ","control",5,0.25,386811,"I was just weighing the options to see which ones works best for me","Question not asked","Question not asked"
"153","id0167",24,"male","training_receiver_self",0,0,800347,"try to geyt more than half","Question not asked","Question not asked"
"154","id0168",54,"MALE","training_receiver_self",5,0.25,996846,"me getting the higher side , always was a fair strategy","Question not asked","Question not asked"
"155","id0169",31,"Female","training_receiver_others",0,0,543079,"I accepted any offer where I got 4 dollars or more. ","Question not asked","Question not asked"
"156","id0170",28,"Male","training_receiver_self",6,0.3,409298,"No strategy","Question not asked","Question not asked"
"157","id0171",52,"Male","control",0,0,627755,"i wasnt going to let the proposer get more than 60% if it was a human and more that 80% if  it was AI","Question not asked","Question not asked"
"158","id0172",37,"female","training_receiver_self",0,0,475883,"Yes, I chose to accept offer only if it was equal or beneficial to me (i.e., I would get $5, 6, 7, 8, 9, or 10).","Question not asked","Question not asked"
"159","id0173",38,"female","control",5,0.25,1096415,"no strategy just base on the instruction","Question not asked","Question not asked"
"160","id0174",50,"Male","control",2,0.1,456059,"If my offer was at least 30% of the amount kept by the other party I would accept. More inclined to accept from AI than prolific participant.","Question not asked","Question not asked"
"161","id0175",52,"male","training_receiver_others",0,0,476890,"Yes, anything less than 4 for me was rejected","Question not asked","Question not asked"
"162","id0176",43,"Female","control",6,0.3,404425,"I set a limit of what would be the lowest offer I would accept.","Question not asked","Question not asked"
"163","id0177",30,"Male","training_receiver_others",6,0.3,1745651,"I weighed the offers","Question not asked","Question not asked"
"164","id0178",43,"female","training_receiver_self",0,0,607225,"I wanted at least$5","Question not asked","Question not asked"
"165","id0182",32,"female","training_receiver_self",0,0,597945,"I felt i could accept $4 minimum, except in one instance where i was feeling generous","Question not asked","Question not asked"
"166","id0184",36,"Male","training_receiver_others",1,0.05,958237,"Since both the proposer and the responder receive nothing if the offer is rejected, there is no disincentive to accept the offer unless the split is $10 to $0.  I didn't encounter this offer, so I accepted all offers.","Question not asked","Question not asked"
"167","id0185",43,"maie","control",3,0.15,814090,"none","Question not asked","Question not asked"
"168","id0186",35,"male","training_receiver_self",0,0,568634,"I only accepted offers where I got $4 or more","Question not asked","Question not asked"
"169","id0187",40,"FEMALE","control",6,0.3,439179,"NONE","Question not asked","Question not asked"
"170","id0188",49,"female","training_receiver_others",0,0,860860,"no","Question not asked","Question not asked"
"171","id0189",29,"Male","training_receiver_self",3,0.15,446311,"I figured anything $3 or higher would be fine.","Question not asked","Question not asked"
"172","id0190",28,"female","control",6,0.3,319812,"yes, if I got $4 or higher I accepted","Question not asked","Question not asked"
"173","id0191",23,"male","training_receiver_self",4,0.2,483015,"Accept $4 and up","Question not asked","Question not asked"
"174","id0192",46,"Male","training_receiver_self",0,0,550398,"I really just went after fairness.","Question not asked","Question not asked"
"175","id0193",54,"female","training_receiver_self",0,0,689445,"no","Question not asked","Question not asked"
"176","id0194",44,"femake","control",4,0.2,531735,"I wouldn't allow myself to accept anything that was ridiculous. I liked when there was an even split, but I wouldn't accept anything less than $3","Question not asked","Question not asked"
"177","id0195",44,"male","control",6,0.3,493402,"Reject all offers where I receive less than $3","Question not asked","Question not asked"
"178","id0196",60,"male","training_receiver_self",0,0,737796,"offer needs to be even or in my favor.","Question not asked","Question not asked"
"179","id0197",67,"male","training_receiver_self",6,0.3,905135,"nothing in particular, it was either we broke even or i profited","Question not asked","Question not asked"
"180","id0198",49,"Male","control",0,0,655202,"i was looking at getting the bigger offers ","Question not asked","Question not asked"
"181","id0199",37,"female","control",1,0.05,486240,"I accepted all the offers, because getting something is better than nothing","Question not asked","Question not asked"
"182","id0200",27,"male","control",3,0.15,541852,"I accepted that $3 would be fair for me to get, and anything lower than them keeping 7/3 was unfair.","Question not asked","Question not asked"
"183","id0201",67,"Male","control",0,0,708545,"No","Question not asked","Question not asked"
"184","id0202",20,"Female","control",6,0.3,341058,"I accepted every single offer because if I don't get to propose/determine the amounts, even gaining $1 or $2 is better than rejecting and getting $0.","Question not asked","Question not asked"
"185","id0203",35,"Female","training_receiver_self",0,0,451984,"I never really wanted to accept less than $4","Question not asked","Question not asked"
"186","id0204",50,"Male","training_receiver_self",6,0.3,576969,"If the offer was really low I would be willing to forfeit my bonus so the other person got nothing. ","Question not asked","Question not asked"
"187","id0205",33,"f","control",3,0.15,287901,"always accept, something is better than nothing","Question not asked","Question not asked"
"188","id0206",23,"male","control",5,0.25,586773,"I would just accept anything as long as it was at least $1 ","Question not asked","Question not asked"
"189","id0207",34,"Male","control",0,0,383976,"I decided to keep accept anything $3 or more. ","Question not asked","Question not asked"
"190","id0208",38,"male","control",5,0.25,416514,"Yes. I took what was a better offer or equal to the other participant.","Question not asked","Question not asked"
"191","id0210",30,"male","control",0,0,308398,"I accepted anything above $1 for both AI and human","Question not asked","Question not asked"
"192","id0211",31,"Female","control",4,0.2,642957,"Initially I wanted to accept no matter what because rejecting meant that I would get nothing at all. But then I saw unfair splitting of money such as $9 to $1 and I wanted to prove a point by rejecting that I found that to be unfair.","Question not asked","Question not asked"
"193","id0212",48,"female","training_receiver_others",0,0,569502,"I would accept anything over 2.","Question not asked","Question not asked"
"194","id0214",63,"Female","training_receiver_self",5,0.25,940429,"I didn't want to accept anything less than 3.  It was easy to deny the AI but not the person.","Question not asked","Question not asked"
"195","id0215",38,"female","training_receiver_self",3,0.15,655268,"always accept any offer or I would get nothing.","Question not asked","Question not asked"
"196","id0216",65,"male","control",3,0.15,511181,"If it was less than 3 dollars I would reject the offer regardless of whether it was AI or human.","Question not asked","Question not asked"
"197","id0217",45,"Man","training_receiver_self",0,0,684315,"I only accepted offers that yielded at least 40% of the money pool. That is an acceptable level of fairness ","Question not asked","Question not asked"
"198","id0218",42,"Male","control",5,0.25,306929,"Nope, just looking for a fair offer!","Question not asked","Question not asked"
"199","id0219",39,"Female","control",0,0,372372,"I tried to accept all fair splits and reject unfair ones. I considered a 6/4 split to be fair but anything bigger unfair.","Question not asked","Question not asked"
"200","id0220",23,"Male","training_receiver_self",0,0,453907,"Accepting fair offers","Question not asked","Question not asked"
"201","id0221",22,"female","control",0,0,331348,"I was looking at what could benefit me","Question not asked","Question not asked"
"202","id0223",32,"Female ","training_receiver_self",0,0,694603,"If it was fair to me, I accepted, so the AI would learn what was fair and what wasn't.","Question not asked","Question not asked"
"203","id0224",36,"female","control",1,0.05,434786,"if I got anything over $1 I accepted it","Question not asked","Question not asked"
"204","id0225",71,"Male","training_receiver_self",0,0,648844,"I was looking at the them vs me amount - training AI not to make low offers","Question not asked","Question not asked"
"205","id0226",30,"male","training_receiver_others",0,0,585269,"accept 5$ and above","Question not asked","Question not asked"
"206","id0227",33,"female","training_receiver_others",5,0.25,720757,"I picked the least amount I would accept and rejected everything below that","Question not asked","Question not asked"
"207","id0228",24,"Male","training_receiver_self",0,0,545553,"Even amount given or I get more","Question not asked","Question not asked"
"208","id0230",49,"female","control",1,0.05,459427,"I mostly accepted everything","Question not asked","Question not asked"
"209","id0231",48,"Male","training_receiver_others",0,0,674949,"I set my limit at 60/40 - anything other than that I rejected.","Question not asked","Question not asked"
"210","id0232",37,"male","training_receiver_others",5,0.25,2392218,"no","Question not asked","Question not asked"
"211","id0234",52,"female","training_receiver_others",5,0.25,613575,"I wanted to break even","Question not asked","Question not asked"
"212","id0235",39,"male","control",4,0.2,340635,"I was willing to take anything where I got a minimum of $4","Question not asked","Question not asked"
"213","id0236",39,"Female","control",0,0,337933,"If it is somewhat even or in my favor, i accept","Question not asked","Question not asked"
"214","id0237",36,"Male","training_receiver_others",4,0.2,477451,"I accepted anything that was more than $2 for me","Question not asked","Question not asked"
"215","id0238",38,"female","control",3,0.15,679085,"no","Question not asked","Question not asked"
"216","id0241",56,"male ","training_receiver_self",3,0.15,701635,"i reject offer bellow 3 dollars  ","Question not asked","Question not asked"
"217","id0242",57,"MALE","training_receiver_others",5,0.25,759863,"NO","Question not asked","Question not asked"
"218","id0243",35,"female","control",1,0.05,359678,"I figured I should accept all the offers as long as I'm not getting $0 because if one got selected that I rejected, I'd get no bonus.","Question not asked","Question not asked"
"219","id0244",36,"Male","training_receiver_self",0,0,1106715,"I want equality ","Question not asked","Question not asked"
"220","id0245",34,"male","control",0,0,615172,"I accepted the offer when its three or more for me.","Question not asked","Question not asked"
"221","id0246",31,"female","control",4,0.2,333234,"only accepted offers where i got $4 or more","Question not asked","Question not asked"
"222","id0247",21,"Male","control",5,0.25,943613,"No, I waas thinking mainly that I wanted to at least get some reward","Question not asked","Question not asked"
"223","id0248",38,"Male","control",4,0.2,450011,"If the idea is I get zero if I reject, then I almost always picked ""accept"". Except for 9 to 1.","Question not asked","Question not asked"
"224","id0249",32,"F","control",4,0.2,378529,"choosing offers above $3, remotely fair. ","Question not asked","Question not asked"
"225","id0250",39,"male","training_receiver_others",6,0.3,677863,"yes, i decided based on what i thought to be fair","Question not asked","Question not asked"
"226","id0252",35,"male","control",5,0.25,361739,"I accepted when what I will get is 4 and above.","Question not asked","Question not asked"
"227","id0253",47,"male","training_receiver_self",0,0,458294,"I was more trying to train the AI for the future study","Question not asked","Question not asked"
"228","id0254",32,"woman","training_receiver_self",5,0.25,689691,"I only picked $4 and above because everything else felt unfair.","Question not asked","Question not asked"
"229","id0255",34,"Male","control",0,0,398839,"I generally would reject an offer where I did not recieve at least $4","Question not asked","Question not asked"
"230","id0256",37,"female","training_receiver_self",4,0.2,491408,"I tried to approve offers that were similar in values to each other to remain fair to both parties","Question not asked","Question not asked"
"231","id0257",54,"Male","control",5,0.25,314723,"As long as I got at least $4, I took the deal.","Question not asked","Question not asked"
"232","id0258",37,"male","training_receiver_self",5,0.25,653449,"I only accepted 5 or higher","Question not asked","Question not asked"
"233","id0259",66,"female","control",2,0.1,402331,"yes I accepted all except the 9-1 offer because that is just not fair","Question not asked","Question not asked"
"234","id0260",60,"female","training_receiver_self",5,0.25,650023,"I accepted any human offer. I accepted $4 or above for myself when playing AI.","Question not asked","Question not asked"
"235","id0261",29,"Male","control",5,0.25,564204,"The only reasonable and fair answer is a 50% split, so that is the only offer I would accept (and give, for that matter).","Question not asked","Question not asked"
"236","id0262",66,"Female","training_receiver_self",2,0.1,642210,"i WOULD ACCEPT THE OFFERS BECAUSE if I didn't accept I would get nothing","Question not asked","Question not asked"
"237","id0263",53,"Male","training_receiver_others",6,0.3,680876,"Tried to keep it as fair as possible and reject anything below 30% or so.","Question not asked","Question not asked"
"238","id0265",28,"female","control",6,0.3,577669,"3 dollars or more I would accept","Question not asked","Question not asked"
"239","id0266",52,"woman","training_receiver_others",0,0,582623,"The offer needed to be at least a 50/50 split","Question not asked","Question not asked"
"240","id0267",23,"Male","training_receiver_self",0,0,808172,"It either had to be 50/50 or in my favor","Question not asked","Question not asked"
"241","id0268",57,"Female","training_receiver_self",6,0.3,594226,"When I knew that rejecting an offer meant we both get nothing, I decided to accept every offer bc something is better than nothing.","Question not asked","Question not asked"
"242","id0269",28,"Male","control",0,0,363375,"Reject anything that was 2 or lower. Accept anything 3 or higher","Question not asked","Question not asked"
"243","id0270",48,"female","training_receiver_others",5,0.25,716886,"Accept every offer unless I was offered $0","Question not asked","Question not asked"
"244","id0271",26,"Women","control",4,0.2,361280,"I only accept if I get $4 or above.","Question not asked","Question not asked"
"245","id0272",25,"Male","control",0,0,379139,"Yes. I didnt agree to accept less then $3","Question not asked","Question not asked"
"246","id0273",32,"Female","control",0,0,583091,"I was looking to see more offers from my end and less from AI","Question not asked","Question not asked"
"247","id0274",38,"female","control",0,0,598719,"I rejected the ""unfair"" offers and acceptable reasonable offers","Question not asked","Question not asked"
"248","id0275",25,"m","training_receiver_self",2,0.1,755241,"no","Question not asked","Question not asked"
"249","id0276",29,"female","control",0,0,441822,"I wanted an amount over 3 dollars","Question not asked","Question not asked"
"250","id0278",34,"female","training_receiver_self",6,0.3,456410,"only accept offers that were as close to fair as possible","Question not asked","Question not asked"
"251","id0279",29,"female","training_receiver_others",0,0,426476,"I accepted anything where I got at least $4.","Question not asked","Question not asked"
"252","id0280",55,"Female","training_receiver_self",1,0.05,547658,"I accepted all offers","Question not asked","Question not asked"
"253","id0281",32,"Male","training_receiver_self",6,0.3,684685,"I accepted all offers.","Question not asked","Question not asked"
"254","id0282",35,"Male","training_receiver_self",6,0.3,1019969,"I would predominantly accept offers that are greater or equal, and no more than $2 less.","Question not asked","Question not asked"
"255","id0283",37,"enby","control",2,0.1,374881,"I'm not a spiteful person, meaning since rejecting any offer means we both get 0, I would accept any offer. I think the rules of this game are either testing for spitefulness, or they're kind of pointless.","Question not asked","Question not asked"
"256","id0284",28,"Male","training_receiver_self",3,0.15,867345,"No","Question not asked","Question not asked"
"257","id0285",33,"female","training_receiver_others",5,0.25,458185,"AI 50% or more, Human 40% or more","Question not asked","Question not asked"
"258","id0288",28,"Male","training_receiver_others",2,0.1,910982,"I accepted every offer as long as I was given something. There were no trials where I was offered $0, so I accepted everything.","Question not asked","Question not asked"
"259","id0289",53,"male","control",1,0.05,422408,"I thought I would try to accept them all as that way I would at least get something.","Question not asked","Question not asked"
"260","id0290",28,"Male","training_receiver_self",6,0.3,801427,"I only accepted offers where I earned at least 50% of the money. ","Question not asked","Question not asked"
"261","id0291",23,"Male","training_receiver_self",0,0,477677,"I chose accept or reject based on how fair they were.","Question not asked","Question not asked"
"262","id0292",58,"male","training_receiver_others",5,0.25,1599441,"I tried to give the IA or the person the highest amount","Question not asked","Question not asked"
"263","id0293",62,"male","training_receiver_others",6,0.3,524618,"I accept everything above $1","Question not asked","Question not asked"
"264","id0295",30,"female","control",6,0.3,595634,"I accepted anything above $2","Question not asked","Question not asked"
"265","id0296",49,"F","training_receiver_self",0,0,735331,"I just used my intuition.","Question not asked","Question not asked"
"266","id0297",53,"Male","training_receiver_self",5,0.25,1032771,"I just rejected the low offers. ","Question not asked","Question not asked"
"267","id0298",51,"male","training_receiver_others",0,0,620907,"if  it was only a small amount less id accept","Question not asked","Question not asked"
"268","id0299",40,"Female","control",0,0,627574,"I got more money","Question not asked","Question not asked"
"269","id0301",49,"Female","training_receiver_others",3,0.15,816568,"Yes, I accepted all offers. If I rejected the low ones I wouldn't have received any bonus. So while I knew deep down it would be a low one that was ""randomly"" selected, something was better than $0.","Question not asked","Question not asked"
"270","id0302",65,"woman","training_receiver_self",0,0,425492,"anything over 3","Question not asked","Question not asked"
"271","id0303",28,"M","training_receiver_others",6,0.3,900358,"If the alternative was earning $0, why reject any offer? I accepted all","Question not asked","Question not asked"
"272","id0304",49,"Male","control",0,0,897165,"I was hoping they would slowly increase their offer if I rejected anything under 6/4, but it didn't seem to adjust over time","Question not asked","Question not asked"
"273","id0305",25,"Male","training_receiver_others",0,0,548314,"I understood that they were the proposal but I also wanted a decent deal so if they offered a 60/40 split I would be more considerate to their offer.","Question not asked","Question not asked"
"274","id0306",32,"female","control",5,0.25,399480,"no","Question not asked","Question not asked"
"275","id0307",31,"Female","training_receiver_self",5,0.25,488399,"I accepted if I were to receive more than $4","Question not asked","Question not asked"
"276","id0308",40,"male","training_receiver_self",6,0.3,516428,"initially rejecting 20% and under reward, but since in truth its all a 100% reward no matter the offer I started accepting everything","Question not asked","Question not asked"
"277","id0309",41,"f","control",0,0,467774,"didn't have a strategy, probably should have just accepted all offers","Question not asked","Question not asked"
"278","id0310",51,"Female","training_receiver_self",4,0.2,4701141,"I chose to accept offers from 2 dollars and above.","Question not asked","Question not asked"
"279","id0311",49,"male","control",6,0.3,878031,"No","Question not asked","Question not asked"
"280","id0313",35,"female","control",6,0.3,1068339,"if it was fair i accepted it ","Question not asked","Question not asked"
"281","id0314",29,"Female","control",0,0,439979,"Wanted to make at least equal to or more than the proposer","Question not asked","Question not asked"
"282","id0315",40,"male","control",0,0,517669,"I would like to accept a fair offer.","Question not asked","Question not asked"
"283","id0316",66,"Woman","control",4,0.2,483903,"Nothing lower than 4 dollars for me","Question not asked","Question not asked"
"284","id0317",29,"male","training_receiver_others",2,0.1,390163,"some money is better than no money - accept all offers","Question not asked","Question not asked"
"285","id0318",30,"female","training_receiver_self",0,0,766676," just was trying to get money","Question not asked","Question not asked"
"286","id0319",75,"Female","training_receiver_self",0,0,597615,"I wanted to be 50-50 ","Question not asked","Question not asked"
"287","id0320",67,"female","control",0,0,622188,"I only accepted as long as one of us got at least $4","Question not asked","Question not asked"
"288","id0321",22,"female ","training_receiver_others",4,0.2,1557758,"No I just chose what I thought was best ","Question not asked","Question not asked"
"289","id0322",32,"female","control",0,0,313175,"accept when i get >=4","Question not asked","Question not asked"
"290","id0323",32,"female","control",5,0.25,311767,"If they offered me $3 or less, I rejected. Anything else, I accepted.","Question not asked","Question not asked"
"291","id0324",34,"male","control",0,0,346989,"I accepted any offer that offered me more than $1. Because that's just insulting","Question not asked","Question not asked"
"292","id0325",36,"Nonbinary AMAB","training_receiver_others",5,0.25,617746,"I made judgments based on the fairness of the allocation between what the giver and I would get. As long as it seemed somewhat fair I accepted. When it was out of line I rejected, taking nothing for myself to give them nothing as well. ","Question not asked","Question not asked"
"293","id0326",48,"female","control",5,0.25,431630,"no","Question not asked","Question not asked"
"294","id0327",71,"Female","training_receiver_others",0,0,648405,"no","Question not asked","Question not asked"
"295","id0328",49,"FEMALE","training_receiver_self",0,0,949671,"No","Question not asked","Question not asked"
"296","id0330",54,"Female","training_receiver_self",6,0.3,678278,"I was choosing when I would get more money or at least equivalent,","Question not asked","Question not asked"
"297","id0331",32,"Male","training_receiver_self",0,0,892995,"I would accept anything which I declared semi fair whether it was AI or human, If they offered me 4 or more.","Question not asked","Question not asked"
"298","id0332",75,"male","training_receiver_self",0,0,745853,"I had to get as much as my opponent","Question not asked","Question not asked"
"299","id0333",35,"female","training_receiver_others",0,0,578644,"I just selected what was equal or in my favor.","Question not asked","Question not asked"
"300","id0334",30,"male","control",0,0,304350,"no","Question not asked","Question not asked"
"301","id0335",30,"Man","control",0,0,2120656,"If the offer was too low in my favor, i rejected it","Question not asked","Question not asked"
"302","id0336",62,"female","training_receiver_self",4,0.2,835201,"I would say something is better than nothing. Not $","Question not asked","Question not asked"
"303","id0337",35,"female","control",6,0.3,479331,"as close to 50/50 as possible","Question not asked","Question not asked"
"304","id0338",29,"FEMALE","training_receiver_others",3,0.15,620681,"I CHOSE FAIR OFFERS","Question not asked","Question not asked"
"305","id0339",55,"Male","control",3,0.15,815516,"I always accepted the offer so we would always receive something, than rejecting and both receiving zero.","Question not asked","Question not asked"
"306","id0340",48,"female","control",2,0.1,393802,"I always accepted an offer from a human, and only accepted from AI if the amounts matched or I received more.","Question not asked","Question not asked"
"307","id0341",27,"Male","control",6,0.3,597631,"Yes. I accepted offers that was shared fairly and rejected the ones that was shared partially ","Question not asked","Question not asked"
"308","id0342",57,"Male","training_receiver_self",0,0,632493,"Yes, I wouldn't accept anything less than $3.","Question not asked","Question not asked"
"309","id0343",39,"Female","control",5,0.25,479960,"I took what I thought was fair.","Question not asked","Question not asked"
"310","id0344",37,"female","control",0,0,754214,"i reject low offer.","Question not asked","Question not asked"
"311","id0345",24,"Female","control",5,0.25,371583,"For Prolific partners, I accepted anything $4 or above. For AI, $5 or above.","Question not asked","Question not asked"
"312","id0346",50,"Woman","training_receiver_others",0,0,4816725,"My strategy was to teach the AI to reject lower offers.","Question not asked","Question not asked"
"313","id0347",54,"F","control",6,0.3,525404,"as close to equal as possible. had an easier time rejecting AI (obviously)","Question not asked","Question not asked"
"314","id0348",53,"female","control",5,0.25,357092,"I accepted 60-40 from humans but only 50-50 or better from AI because I was training the AI (supposedly).","Question not asked","Question not asked"
"315","id0349",44,"Male","training_receiver_self",2,0.1,1651670,"no","Question not asked","Question not asked"
"316","id0350",70,"Female","training_receiver_others",6,0.3,1408068,"I tried to accept what was fair","Question not asked","Question not asked"
"317","id0351",32,"Male","training_receiver_others",0,0,532024,"Anything below 4.00 was a reject","Question not asked","Question not asked"
"318","id0352",32,"male","training_receiver_self",5,0.25,836991,"I decided not to allow anything worse than a 60-40 split.","Question not asked","Question not asked"
"319","id0353",58,"male ","training_receiver_others",0,0,974355,"no","Question not asked","Question not asked"
"320","id0354",34,"Male","control",0,0,2765831,"I tried to accept offers that would increase my bonus.","Question not asked","Question not asked"
"321","id0356",50,"man","training_receiver_self",5,0.25,1063741,"i reject anything less than $4","Question not asked","Question not asked"
"322","id0357",31,"Female","training_receiver_others",0,0,559574,"I decided to accept all offers where I receive at least $3.","Question not asked","Question not asked"
"323","id0358",33,"Male","control",5,0.25,1070820,"I accepted offers that were above $3 and rejected the rest.","Question not asked","Question not asked"
"324","id0359",36,"male","training_receiver_self",5,0.25,531788,"Yes, I decided to accept any offer that wasn't 0.","Question not asked","Question not asked"
"325","id0360",67,"woman","training_receiver_self",6,0.3,865932,"all i wanted was a fair offer ","Question not asked","Question not asked"
"326","id0361",32,"female","control",0,0,679431,"no","Question not asked","Question not asked"
"327","id0362",59,"female","training_receiver_self",0,0,1099454,"Since I was ""training"" I thought I should be only accepting ""good"" offers so I only accepted when we got equal or I got more. However, I wish I had gone with my initial thought and accepted ALL offers because anything would have been better than nothing.","Question not asked","Question not asked"
"328","id0363",47,"female","training_receiver_others",1,0.05,1256547,"no","Question not asked","Question not asked"
"329","id0364",52,"Female","training_receiver_others",0,0,652391,"I rejected an offer if I received 2 or less dollars.","Question not asked","Question not asked"
"330","id0365",22,"Male","training_receiver_others",0,0,556370,"No strategy just logic ","Question not asked","Question not asked"
"331","id0366",39,"Male","training_receiver_others",0,0,1616112,"None","Question not asked","Question not asked"
"332","id0367",39,"male","control",0,0,383486,"if it was a fair offer I accepted, if it was a greedy offer I rejected it so that nobody gets anything","Question not asked","Question not asked"
"333","id0368",38,"FEMALE","training_receiver_self",0,0,1067440,"NO","Question not asked","Question not asked"
"334","id0369",68,"Female","training_receiver_self",5,0.25,1293982,"Yes, I would accept only $4.00 or above .  Nothing under.","Question not asked","Question not asked"
"335","id0370",36,"Male","training_receiver_others",4,0.2,1445568,"Yes I make a threshold level if the offer lies in that criteria I accept the offer otherwise reject it.  ","Question not asked","Question not asked"
"336","id0371",42,"Woman","training_receiver_self",5,0.25,524738,"Initially I chose to select offers where I received $3 or more, then I think about halfway through I decided I changed that to accepting offers of only $4 or more.","Question not asked","Question not asked"
"337","id0372",40,"female","training_receiver_self",0,0,627558,"equal or more to the other person offer i accepted","Question not asked","Question not asked"
"338","id0373",37,"Female","training_receiver_self",6,0.3,2173049,"I accepted every offer to maximize my gains","Question not asked","Question not asked"
"339","id0374",24,"female","training_receiver_others",4,0.2,596012,"The only offer i felt was completely unfair was they get $9 and i get $1. I rather receive 0 then accept that offer. their just being completely selfish in that offer ","Question not asked","Question not asked"
"340","id0375",54,"female","control",0,0,2220259,"Yes. I wanted the disbursments to be fair, so I rejected any that I felt were not. ","Question not asked","Question not asked"
"341","id0376",70,"Female ","control",0,0,539328,"No","Question not asked","Question not asked"
"342","id0377",61,"male","control",5,0.25,858017,"none","Question not asked","Question not asked"
"343","id0378",30,"male","training_receiver_self",0,0,781137,"no","Question not asked","Question not asked"
"344","id0379",48,"Man","training_receiver_self",5,0.25,1499276,"I rejected offers that were way below like $1 and $2.","Question not asked","Question not asked"
"345","id0380",64,"female","control",0,0,988785,"I accepted any over proposal where my reward would be >3.  Although it would have been awesome just to get one dollar, I detest greed and won't reward it.","Question not asked","Question not asked"
"346","id0381",45,"woman","training_receiver_others",5,0.25,1012004,"I basically just accepted anything over $2","Question not asked","Question not asked"
"347","id0382",23,"Male","training_receiver_self",6,0.3,375408,"As long as I was getting money I accepted","Question not asked","Question not asked"
"348","id0383",31,"Male","training_receiver_self",5,0.25,545052,"Yes, I figured that as long as I was being offered any money I should take it. If declining meant neither of us got any award, it was better for me to walk away with a dollar than nothing.","Question not asked","Question not asked"
"349","id0384",58,"female","training_receiver_self",0,0,461963,"just what seemed fair","Question not asked","Question not asked"
"350","id0385",33,"Female","control",4,0.2,333588,"It I was offered more or it was even or close to even I accepted. If it was AI and the split was not close to even or I was offered less than I declined. ","Question not asked","Question not asked"
"351","id0386",52,"female","training_receiver_others",0,0,496350,"did not really have any","Question not asked","Question not asked"
"352","id0387",37,"Male","training_receiver_others",0,0,482547,"I chose to accept offers that were $5 or higher.","Question not asked","Question not asked"
"353","id0388",48,"Male","control",2,0.1,356854,"Not really","Question not asked","Question not asked"
"354","id0389",50,"female","control",3,0.15,408076,"I wouldn't accept anything under $3","Question not asked","Question not asked"
"355","id0390",39,"Male","control",0,0,431459,"I rejected any offer that gave me less than 4$","Question not asked","Question not asked"
"356","id0391",36,"male","training_receiver_self",4,0.2,523677,"no","Question not asked","Question not asked"
"357","id0392",36,"male","training_receiver_others",3,0.15,509739,"I accepted an offer if it resulted in me receiving money. I didn't want to turn down an offer, even if it was lopsided, and cost myself.","Question not asked","Question not asked"
"358","id0393",40,"female","control",0,0,405994,"When the other person thinks about giving themselves more money instead of splitting it evenly, I reject because I want them to be fair.","Question not asked","Question not asked"
"359","id0394",50,"male","training_receiver_self",0,0,635813,"Yes, setting $4 as the minimum acceptable","Question not asked","Question not asked"
"360","id0395",39,"Male","training_receiver_self",1,0.05,513674,"I didn't see any reason to not accept an offer as long as it didn't offer me $0.  It is beneficial for my bonus and to train the AI for the next round when it is the responder.","Question not asked","Question not asked"
"361","id0396",54,"male","control",4,0.2,425483,"fairness was the only strategy","Question not asked","Question not asked"
"362","id0398",39,"Female","training_receiver_self",0,0,624433,"equal or more than the the other person got","Question not asked","Question not asked"
"363","id0399",52,"Female","control",0,0,396418,"The amount shared must be reasonable","Question not asked","Question not asked"
"364","id0400",29,"male","training_receiver_others",0,0,560545,"if the offer is too low the other party loses too","Question not asked","Question not asked"
"365","id0401",53,"female","control",3,0.15,437620,"I accepted all offers as long as I earned something.","Question not asked","Question not asked"
"366","id0402",52,"male","training_receiver_self",0,0,946456,"i choose based on fairness","Question not asked","Question not asked"
"367","id0403",75,"FEMALE","training_receiver_self",0,0,699242,"REJECTED LESS THAN $3","Question not asked","Question not asked"
"368","id0404",53,"male","control",2,0.1,904053,"i do not have any","Question not asked","Question not asked"
"369","id0405",41,"female","training_receiver_others",0,0,629905,"I accepted any offer where I got 4 or more dollars, and rejected everything else.","Question not asked","Question not asked"
"370","id0406",36,"male","control",5,0.25,330877,"only accepted 6/4 as my threshhold... otherwise reject","Question not asked","Question not asked"
"371","id0407",62,"Male","control",0,0,521439,"At first, I decided to accept if I got any amount of matter, no matter how large or small. Then about mid-way through, I decided to only accept offers where I got $5 or more. This might not have been a good strategy, in that in the end, it was one of my rejected offers that went through, and we both got 0.00. ","Question not asked","Question not asked"
"372","id0408",38,"male","training_receiver_others",5,0.25,615657,"yes, based on the percentage the prosper is bringing","Question not asked","Question not asked"
"373","id0409",45,"female","training_receiver_others",5,0.25,677222,"If the offer was under $4 I rejected it","Question not asked","Question not asked"
"374","id0410",37,"Male","training_receiver_self",6,0.3,561547,"Accept all offers - if not accepted both get $0 so something even $1 is better than nothing","Question not asked","Question not asked"
"375","id0411",32,"woman","training_receiver_self",0,0,631868,"If its anything below 3 dollar I will reject. ","Question not asked","Question not asked"
"376","id0412",55,"Female","training_receiver_others",0,0,653269,"I think I was hoping the AI would see I was accepting only the offers with a large amount. ","Question not asked","Question not asked"
"377","id0413",43,"Male","training_receiver_others",0,0,611560,"I picked offers that were fair","Question not asked","Question not asked"
"378","id0414",25,"female","training_receiver_self",2,0.1,623975,"I did not have strategies.","Question not asked","Question not asked"
"379","id0415",35,"Female","training_receiver_self",4,0.2,967275,"I chose to accept the offers I felt were fair enough and rejected the offers that were not equal enough for me.","Question not asked","Question not asked"
"380","id0416",27,"Male","control",6,0.3,470679,"NO","Question not asked","Question not asked"
"381","id0417",35,"female ","training_receiver_others",2,0.1,858517,"I wouldn't accept less than a $7/$3 split ","Question not asked","Question not asked"
"382","id0418",29,"male","training_receiver_others",6,0.3,673015,"no","Question not asked","Question not asked"
"383","id0419",34,"female","training_receiver_self",5,0.25,832777,"I accepted any offer that was half or greater. ","Question not asked","Question not asked"
"384","id0420",35,"female","training_receiver_self",0,0,950337,"no","Question not asked","Question not asked"
"385","id0421",19,"Male","control",0,0,791368,"Yes, my strategy was to accept the offers that were even 5/5 or benefitted me where I got more money and if they were lower towards my amount I was expecting either 5 or over I would reject them.","Question not asked","Question not asked"
"386","id0422",40,"Male","control",2,0.1,724840,"No, none at all. At the moment I cannot afford to refuse any offers.","Question not asked","Question not asked"
"387","id0423",25,"Male","training_receiver_self",0,0,915846,"Equal sharing ratio","Question not asked","Question not asked"
"388","id0424",66,"female","control",3,0.15,500564,"I accepted all except the $1 offers","Question not asked","Question not asked"
"389","id0425",31,"female","training_receiver_self",4,0.2,998321,"I just went off what I felt was fair.","Question not asked","Question not asked"
"390","id0426",27,"male","training_receiver_others",6,0.3,905006,"no","Question not asked","Question not asked"
"391","id0427",37,"male","training_receiver_self",4,0.2,1377580,"trieod to keep it as close as possible","Question not asked","Question not asked"
"392","id0428",22,"Woman","control",1,0.05,1333961,"I used no strategies.","Question not asked","Question not asked"
"393","id0429",26,"male","control",4,0.2,274197,"no","Question not asked","Question not asked"
