"","id","training_condition","attempt","role","future_role","partner","training","training_encounter","others_encounter","strategy_accept","strategy_reject","all_correct"
"1","id0002","control",1,"I will be responding to offers.","I will be proposing offers.","I will play with both AI and human participants.","Question not asked","Question not asked","Question not asked","Question not asked","Question not asked",1
"2","id0003","training_receiver_self",2,"I will be responding to offers.","I will be proposing offers.","I will only play with AI.","I will be training an AI to respond to offers.","Yes","No","The AI responder will learn to accept $6","The AI responder will learn to reject $2",0
"3","id0003","training_receiver_self",3,"I will be responding to offers.","I will be proposing offers.","I will play with both AI and human participants.","I will be training an AI to respond to offers.","Yes","No","The AI responder will learn to accept $6","The AI responder will learn to reject $5",1
"4","id0003","training_receiver_self",1,"I will be responding to offers.","I will be proposing offers.","I will only play with AI.","I will be training an AI to respond to offers.","No","No","The AI responder will learn to accept $1","The AI responder will learn to reject $5",0
"5","id0004","training_receiver_self",1,"I will be responding to offers.","I will be responding to offers.","I will play with both AI and human participants.","I will be training an AI to respond to offers.","Yes","No","The AI responder will learn to accept $4","The AI responder will learn to reject $3",0
"6","id0004","training_receiver_self",2,"I will be responding to offers.","I will be proposing offers.","I will play with both AI and human participants.","I will be training an AI to respond to offers.","Yes","No","The AI responder will learn to accept $2","The AI responder will learn to reject $4",1
"7","id0005","training_receiver_self",1,"I will be responding to offers.","I will be proposing offers.","I will play with both AI and human participants.","I will be training an AI to respond to offers.","Yes","No","The AI responder will learn to accept $5","The AI responder will learn to reject $3",1
"8","id0007","training_receiver_self",1,"I will be responding to offers.","I will be proposing offers.","I will play with both AI and human participants.","I will be training an AI to respond to offers.","Yes","No","The AI responder will learn to accept $2","The AI responder will learn to reject $3",1
"9","id0009","control",2,"I will be responding to offers.","I will be responding to offers.","I will play with both AI and human participants.","Question not asked","Question not asked","Question not asked","Question not asked","Question not asked",0
"10","id0009","control",4,"I will be proposing offers.","I will be proposing offers.","I will only play with AI.","Question not asked","Question not asked","Question not asked","Question not asked","Question not asked",0
"11","id0009","control",5,"I will be responding to offers.","I will be responding to offers.","I will only play with AI.","Question not asked","Question not asked","Question not asked","Question not asked","Question not asked",0
"12","id0009","control",6,"I will be proposing offers.","I will be proposing offers.","I will play with both AI and human participants.","Question not asked","Question not asked","Question not asked","Question not asked","Question not asked",0
"13","id0009","control",3,"I will be proposing offers.","I will be responding to offers.","I will play with both AI and human participants.","Question not asked","Question not asked","Question not asked","Question not asked","Question not asked",0
"14","id0009","control",8,"I will be responding to offers.","I will be proposing offers.","I will play with both AI and human participants.","Question not asked","Question not asked","Question not asked","Question not asked","Question not asked",1
"15","id0009","control",1,"I will be responding to offers.","I will be responding to offers.","I will only play with human participants recruited from a separate Prolific experiment.","Question not asked","Question not asked","Question not asked","Question not asked","Question not asked",0
"16","id0009","control",7,"I will be proposing offers.","I will be proposing offers.","I will only play with AI.","Question not asked","Question not asked","Question not asked","Question not asked","Question not asked",0
"17","id0010","control",1,"I will be responding to offers.","I will be proposing offers.","I will play with both AI and human participants.","Question not asked","Question not asked","Question not asked","Question not asked","Question not asked",1
"18","id0011","control",1,"I will be responding to offers.","I will be proposing offers.","I will play with both AI and human participants.","Question not asked","Question not asked","Question not asked","Question not asked","Question not asked",1
"19","id0012","training_receiver_self",1,"I will be responding to offers.","I will be proposing offers.","I will play with both AI and human participants.","I will be training an AI to respond to offers.","Yes","No","The AI responder will learn to accept $3","The AI responder will learn to reject $3",1
"20","id0013","training_receiver_self",1,"I will be responding to offers.","I will be proposing offers.","I will play with both AI and human participants.","I will be training an AI to respond to offers.","Yes","Yes","The AI responder will learn to accept $3","The AI responder will learn to accept $6",0
"21","id0013","training_receiver_self",2,"I will be responding to offers.","I will be proposing offers.","I will play with both AI and human participants.","I will be training an AI to respond to offers.","Yes","No","The AI responder will learn to accept $2","The AI responder will learn to reject $6",1
"22","id0014","control",1,"I will be responding to offers.","I will be proposing offers.","I will play with both AI and human participants.","Question not asked","Question not asked","Question not asked","Question not asked","Question not asked",1
"23","id0015","training_receiver_self",2,"I will be responding to offers.","I will be proposing offers.","I will play with both AI and human participants.","I will be training an AI to respond to offers.","Yes","No","The AI responder will learn to accept $5","The AI responder will learn to reject $5",1
"24","id0015","training_receiver_self",1,"I will be responding to offers.","I will be proposing offers.","I will play with both AI and human participants.","I will be training an AI to respond to offers.","No","Yes","The AI responder will learn to accept $3","The AI responder will learn to reject $2",0
"25","id0016","training_receiver_self",1,"I will be responding to offers.","I will be proposing offers.","I will play with both AI and human participants.","I will be training an AI to respond to offers.","Yes","No","The AI responder will learn to accept $3","The AI responder will learn to reject $3",1
"26","id0017","control",1,"I will be responding to offers.","I will be proposing offers.","I will play with both AI and human participants.","Question not asked","Question not asked","Question not asked","Question not asked","Question not asked",1
"27","id0020","control",1,"I will be responding to offers.","I will be proposing offers.","I will only play with human participants recruited from a separate Prolific experiment.","Question not asked","Question not asked","Question not asked","Question not asked","Question not asked",0
"28","id0020","control",2,"I will be responding to offers.","I will be proposing offers.","I will play with both AI and human participants.","Question not asked","Question not asked","Question not asked","Question not asked","Question not asked",1
"29","id0021","training_receiver_self",2,"I will be responding to offers.","I will be proposing offers.","I will play with both AI and human participants.","I will be training an AI to respond to offers.","Yes","No","The AI responder will learn to accept $3","The AI responder will learn to reject $4",1
"30","id0021","training_receiver_self",1,"I will be responding to offers.","I will be proposing offers.","I will play with both AI and human participants.","I will be training an AI to respond to offers.","No","Yes","The AI responder will learn to accept $3","The AI responder will learn to reject $5",0
"31","id0022","control",1,"I will be responding to offers.","I will be proposing offers.","I will play with both AI and human participants.","Question not asked","Question not asked","Question not asked","Question not asked","Question not asked",1
"32","id0023","training_receiver_self",2,"I will be responding to offers.","I will be proposing offers.","I will play with both AI and human participants.","I will be training an AI to respond to offers.","Yes","No","The AI responder will learn to accept $2","The AI responder will learn to reject $4",1
"33","id0023","training_receiver_self",1,"I will be responding to offers.","I will be proposing offers.","I will only play with AI.","I will be training an AI to respond to offers.","Yes","No","The AI responder will learn to accept $1","The AI responder will learn to reject $3",0
"34","id0024","training_receiver_self",1,"I will be responding to offers.","I will be proposing offers.","I will play with both AI and human participants.","I will be training an AI to respond to offers.","Yes","No","The AI responder will learn to accept $6","The AI responder will learn to reject $1",1
"35","id0025","training_receiver_self",1,"I will be responding to offers.","I will be proposing offers.","I will play with both AI and human participants.","I will be training an AI to respond to offers.","Yes","Yes","The AI responder will learn to accept $3","The AI responder will learn to reject $2",0
"36","id0025","training_receiver_self",2,"I will be responding to offers.","I will be proposing offers.","I will play with both AI and human participants.","I will be training an AI to respond to offers.","Yes","No","The AI responder will learn to accept $5","The AI responder will learn to reject $1",1
"37","id0027","control",1,"I will be responding to offers.","I will be proposing offers.","I will play with both AI and human participants.","Question not asked","Question not asked","Question not asked","Question not asked","Question not asked",1
"38","id0028","control",1,"I will be responding to offers.","I will be proposing offers.","I will play with both AI and human participants.","Question not asked","Question not asked","Question not asked","Question not asked","Question not asked",1
"39","id0029","control",1,"I will be responding to offers.","I will be proposing offers.","I will play with both AI and human participants.","Question not asked","Question not asked","Question not asked","Question not asked","Question not asked",1
"40","id0030","control",1,"I will be responding to offers.","I will be proposing offers.","I will play with both AI and human participants.","Question not asked","Question not asked","Question not asked","Question not asked","Question not asked",1
"41","id0031","control",1,"I will be responding to offers.","I will be proposing offers.","I will play with both AI and human participants.","Question not asked","Question not asked","Question not asked","Question not asked","Question not asked",1
"42","id0032","training_receiver_self",1,"I will be responding to offers.","I will be proposing offers.","I will play with both AI and human participants.","I will be training an AI to respond to offers.","Yes","No","The AI responder will learn to accept $1","The AI responder will learn to reject $5",1
"43","id0033","training_receiver_self",1,"I will be responding to offers.","I will be proposing offers.","I will play with both AI and human participants.","I will be training an AI to respond to offers.","Yes","No","The AI responder will learn to accept $5","The AI responder will learn to reject $2",1
"44","id0034","training_receiver_self",2,"I will be responding to offers.","I will be proposing offers.","I will play with both AI and human participants.","I will be training an AI to propose offers. ","No","Yes","The AI responder will learn to accept $2","The AI responder will not learn anything.",0
"45","id0034","training_receiver_self",3,"I will be responding to offers.","I will be proposing offers.","I will play with both AI and human participants.","I will be training an AI to respond to offers.","No","Yes","The AI responder will not learn anything.","The AI responder will not learn anything.",0
"46","id0034","training_receiver_self",4,"I will be responding to offers.","I will be proposing offers.","I will play with both AI and human participants.","I will be training an AI to respond to offers.","Yes","No","The AI responder will learn to accept $6","The AI responder will learn to reject $1",1
"47","id0034","training_receiver_self",1,"I will be responding to offers.","I will be proposing offers.","I will play with both AI and human participants.","I will be training an AI to respond to offers.","Yes","Yes","The AI responder will learn to accept $3","The AI responder will learn to reject $6",0
"48","id0035","training_receiver_self",2,"I will be responding to offers.","I will be proposing offers.","I will play with both AI and human participants.","I will be training an AI to respond to offers.","Yes","No","The AI responder will learn to accept $4","The AI responder will learn to reject $6",1
"49","id0035","training_receiver_self",1,"I will be responding to offers.","I will be proposing offers.","I will only play with AI.","I will be training an AI to respond to offers.","Yes","No","The AI responder will learn to accept $2","The AI responder will learn to reject $3",0
"50","id0036","training_receiver_self",1,"I will be responding to offers.","I will be proposing offers.","I will play with both AI and human participants.","I will be training an AI to respond to offers.","Yes","No","The AI responder will learn to accept $1","The AI responder will learn to reject $6",1
"51","id0037","control",1,"I will be responding to offers.","I will be proposing offers.","I will play with both AI and human participants.","Question not asked","Question not asked","Question not asked","Question not asked","Question not asked",1
"52","id0038","training_receiver_self",1,"I will be responding to offers.","I will be proposing offers.","I will play with both AI and human participants.","I will be training an AI to propose offers. ","Yes","No","The AI responder will learn to accept $5","The AI responder will learn to reject $2",0
"53","id0038","training_receiver_self",2,"I will be responding to offers.","I will be proposing offers.","I will play with both AI and human participants.","I will be training an AI to respond to offers.","Yes","No","The AI responder will learn to accept $3","The AI responder will learn to reject $3",1
"54","id0041","control",1,"I will be responding to offers.","I will be proposing offers.","I will play with both AI and human participants.","Question not asked","Question not asked","Question not asked","Question not asked","Question not asked",1
"55","id0042","training_receiver_self",1,"I will be responding to offers.","I will be proposing offers.","I will play with both AI and human participants.","I will be training an AI to respond to offers.","Yes","No","The AI responder will learn to accept $6","The AI responder will learn to reject $3",1
"56","id0043","training_receiver_self",1,"I will be responding to offers.","I will be proposing offers.","I will play with both AI and human participants.","I will be training an AI to respond to offers.","No","Yes","The AI responder will learn to accept $5","The AI responder will learn to reject $5",0
"57","id0043","training_receiver_self",2,"I will be responding to offers.","I will be proposing offers.","I will play with both AI and human participants.","I will be training an AI to respond to offers.","Yes","No","The AI responder will learn to accept $3","The AI responder will learn to reject $2",1
"58","id0044","control",1,"I will be responding to offers.","I will be proposing offers.","I will play with both AI and human participants.","Question not asked","Question not asked","Question not asked","Question not asked","Question not asked",1
"59","id0045","control",1,"I will be responding to offers.","I will be proposing offers.","I will play with both AI and human participants.","Question not asked","Question not asked","Question not asked","Question not asked","Question not asked",1
"60","id0047","control",1,"I will be responding to offers.","I will be proposing offers.","I will play with both AI and human participants.","Question not asked","Question not asked","Question not asked","Question not asked","Question not asked",1
"61","id0048","training_receiver_self",1,"I will be responding to offers.","I will be proposing offers.","I will play with both AI and human participants.","I will be training an AI to respond to offers.","Yes","No","The AI responder will learn to accept $4","The AI responder will learn to reject $1",1
"62","id0049","control",1,"I will be responding to offers.","I will be proposing offers.","I will play with both AI and human participants.","Question not asked","Question not asked","Question not asked","Question not asked","Question not asked",1
"63","id0050","control",1,"I will be responding to offers.","I will be proposing offers.","I will play with both AI and human participants.","Question not asked","Question not asked","Question not asked","Question not asked","Question not asked",1
"64","id0051","training_receiver_self",2,"I will be responding to offers.","I will be proposing offers.","I will play with both AI and human participants.","I will be training an AI to respond to offers.","Yes","No","The AI responder will learn to accept $1","The AI responder will learn to reject $2",1
"65","id0051","training_receiver_self",1,"I will be responding to offers.","I will be proposing offers.","I will play with both AI and human participants.","I will be training an AI to respond to offers.","No","Yes","The AI responder will learn to accept $5","The AI responder will learn to reject $6",0
"66","id0052","control",1,"I will be responding to offers.","I will be proposing offers.","I will play with both AI and human participants.","Question not asked","Question not asked","Question not asked","Question not asked","Question not asked",1
"67","id0054","training_receiver_self",2,"I will be responding to offers.","I will be proposing offers.","I will play with both AI and human participants.","I will be training an AI to respond to offers.","Yes","No","The AI responder will learn to accept $3","The AI responder will learn to reject $2",1
"68","id0054","training_receiver_self",1,"I will be responding to offers.","I will be responding to offers.","I will play with both AI and human participants.","I will be training an AI to propose offers. ","Yes","No","The AI responder will learn to reject $3","The AI responder will learn to accept $3",0
"69","id0055","training_receiver_self",1,"I will be responding to offers.","I will be proposing offers.","I will play with both AI and human participants.","I will be training an AI to respond to offers.","Yes","No","The AI responder will learn to accept $2","The AI responder will learn to reject $4",1
"70","id0056","control",1,"I will be responding to offers.","I will be proposing offers.","I will play with both AI and human participants.","Question not asked","Question not asked","Question not asked","Question not asked","Question not asked",1
"71","id0057","control",1,"I will be responding to offers.","I will be proposing offers.","I will play with both AI and human participants.","Question not asked","Question not asked","Question not asked","Question not asked","Question not asked",1
"72","id0058","control",1,"I will be responding to offers.","I will be proposing offers.","I will play with both AI and human participants.","Question not asked","Question not asked","Question not asked","Question not asked","Question not asked",1
"73","id0059","training_receiver_self",1,"I will be responding to offers.","I will be proposing offers.","I will play with both AI and human participants.","I will be training an AI to respond to offers.","Yes","No","The AI responder will learn to accept $2","The AI responder will learn to reject $3",1
"74","id0060","training_receiver_self",1,"I will be responding to offers.","I will be proposing offers.","I will only play with AI.","I will be training an AI to respond to offers.","Yes","No","The AI responder will learn to accept $5","The AI responder will learn to reject $6",0
"75","id0060","training_receiver_self",2,"I will be responding to offers.","I will be proposing offers.","I will play with both AI and human participants.","I will be training an AI to respond to offers.","Yes","No","The AI responder will learn to accept $2","The AI responder will learn to reject $6",1
"76","id0062","training_receiver_self",1,"I will be responding to offers.","I will be proposing offers.","I will play with both AI and human participants.","I will be training an AI to respond to offers.","Yes","Yes","The AI responder will learn to accept $3","The AI responder will learn to reject $4",0
"77","id0062","training_receiver_self",2,"I will be responding to offers.","I will be proposing offers.","I will only play with AI.","I will be training an AI to respond to offers.","Yes","No","The AI responder will learn to accept $2","The AI responder will learn to reject $3",0
"78","id0062","training_receiver_self",3,"I will be responding to offers.","I will be proposing offers.","I will play with both AI and human participants.","I will be training an AI to respond to offers.","Yes","No","The AI responder will learn to accept $6","The AI responder will learn to reject $1",1
"79","id0063","training_receiver_self",1,"I will be responding to offers.","I will be proposing offers.","I will play with both AI and human participants.","I will be training an AI to respond to offers.","Yes","No","The AI responder will learn to accept $1","The AI responder will learn to reject $2",1
"80","id0064","control",1,"I will be responding to offers.","I will be proposing offers.","I will play with both AI and human participants.","Question not asked","Question not asked","Question not asked","Question not asked","Question not asked",1
"81","id0065","control",2,"I will be responding to offers.","I will be responding to offers.","I will only play with AI.","Question not asked","Question not asked","Question not asked","Question not asked","Question not asked",0
"82","id0065","control",3,"I will be responding to offers.","I will be responding to offers.","I will only play with human participants recruited from a separate Prolific experiment.","Question not asked","Question not asked","Question not asked","Question not asked","Question not asked",0
"83","id0065","control",4,"I will be responding to offers.","I will be proposing offers.","I will play with both AI and human participants.","Question not asked","Question not asked","Question not asked","Question not asked","Question not asked",1
"84","id0065","control",1,"I will be responding to offers.","I will be responding to offers.","I will play with both AI and human participants.","Question not asked","Question not asked","Question not asked","Question not asked","Question not asked",0
"85","id0066","control",2,"I will be responding to offers.","I will be proposing offers.","I will play with both AI and human participants.","Question not asked","Question not asked","Question not asked","Question not asked","Question not asked",1
"86","id0066","control",1,"I will be responding to offers.","I will be responding to offers.","I will play with both AI and human participants.","Question not asked","Question not asked","Question not asked","Question not asked","Question not asked",0
"87","id0067","training_receiver_self",2,"I will be responding to offers.","I will be proposing offers.","I will only play with AI.","I will be training an AI to respond to offers.","Yes","No","The AI responder will learn to accept $2","The AI responder will learn to reject $6",0
"88","id0067","training_receiver_self",3,"I will be responding to offers.","I will be proposing offers.","I will play with both AI and human participants.","I will be training an AI to respond to offers.","Yes","No","The AI responder will learn to accept $3","The AI responder will learn to reject $2",1
"89","id0067","training_receiver_self",1,"I will be responding to offers.","I will be proposing offers.","I will play with both AI and human participants.","I will be training an AI to respond to offers.","Yes","Yes","The AI responder will learn to accept $2","The AI responder will learn to reject $2",0
"90","id0068","training_receiver_self",1,"I will be responding to offers.","I will be proposing offers.","I will play with both AI and human participants.","I will be training an AI to respond to offers.","No","Yes","The AI responder will learn to accept $3","The AI responder will learn to reject $2",0
"91","id0068","training_receiver_self",2,"I will be responding to offers.","I will be proposing offers.","I will play with both AI and human participants.","I will be training an AI to respond to offers.","Yes","No","The AI responder will learn to accept $1","The AI responder will learn to reject $3",1
"92","id0069","control",1,"I will be responding to offers.","I will be proposing offers.","I will play with both AI and human participants.","Question not asked","Question not asked","Question not asked","Question not asked","Question not asked",1
"93","id0070","training_receiver_self",1,"I will be responding to offers.","I will be proposing offers.","I will only play with AI.","I will be training an AI to respond to offers.","Yes","No","The AI responder will learn to accept $4","The AI responder will learn to reject $6",0
"94","id0070","training_receiver_self",2,"I will be responding to offers.","I will be proposing offers.","I will play with both AI and human participants.","I will be training an AI to respond to offers.","Yes","No","The AI responder will learn to accept $4","The AI responder will learn to reject $2",1
"95","id0071","control",1,"I will be responding to offers.","I will be proposing offers.","I will play with both AI and human participants.","Question not asked","Question not asked","Question not asked","Question not asked","Question not asked",1
"96","id0072","control",1,"I will be responding to offers.","I will be proposing offers.","I will play with both AI and human participants.","Question not asked","Question not asked","Question not asked","Question not asked","Question not asked",1
"97","id0073","training_receiver_self",1,"I will be responding to offers.","I will be proposing offers.","I will play with both AI and human participants.","I will be training an AI to respond to offers.","Yes","No","The AI responder will learn to accept $6","The AI responder will learn to reject $1",1
"98","id0074","training_receiver_self",1,"I will be responding to offers.","I will be proposing offers.","I will play with both AI and human participants.","I will be training an AI to propose offers. ","Yes","No","The AI responder will learn to accept $2","The AI responder will learn to reject $4",0
"99","id0074","training_receiver_self",2,"I will be responding to offers.","I will be proposing offers.","I will play with both AI and human participants.","I will be training an AI to respond to offers.","Yes","No","The AI responder will learn to accept $2","The AI responder will learn to reject $6",1
"100","id0075","training_receiver_self",1,"I will be responding to offers.","I will be proposing offers.","I will play with both AI and human participants.","I will be training an AI to respond to offers.","Yes","Yes","The AI responder will learn to accept $2","The AI responder will learn to reject $4",0
"101","id0075","training_receiver_self",2,"I will be responding to offers.","I will be proposing offers.","I will play with both AI and human participants.","I will be training an AI to respond to offers.","Yes","Yes","The AI responder will learn to accept $4","The AI responder will learn to reject $5",0
"102","id0075","training_receiver_self",3,"I will be responding to offers.","I will be proposing offers.","I will play with both AI and human participants.","I will be training an AI to respond to offers.","Yes","No","The AI responder will learn to accept $2","The AI responder will learn to reject $5",1
"103","id0076","control",1,"I will be responding to offers.","I will be proposing offers.","I will play with both AI and human participants.","Question not asked","Question not asked","Question not asked","Question not asked","Question not asked",1
"104","id0077","control",1,"I will be responding to offers.","I will be proposing offers.","I will play with both AI and human participants.","Question not asked","Question not asked","Question not asked","Question not asked","Question not asked",1
"105","id0078","training_receiver_self",1,"I will be responding to offers.","I will be proposing offers.","I will play with both AI and human participants.","I will be training an AI to respond to offers.","Yes","Yes","The AI responder will learn to accept $1","The AI responder will learn to reject $2",0
"106","id0078","training_receiver_self",2,"I will be responding to offers.","I will be proposing offers.","I will play with both AI and human participants.","I will be training an AI to respond to offers.","Yes","No","The AI responder will learn to accept $1","The AI responder will learn to reject $3",1
"107","id0079","control",1,"I will be responding to offers.","I will be proposing offers.","I will play with both AI and human participants.","Question not asked","Question not asked","Question not asked","Question not asked","Question not asked",1
"108","id0080","control",1,"I will be responding to offers.","I will be proposing offers.","I will play with both AI and human participants.","Question not asked","Question not asked","Question not asked","Question not asked","Question not asked",1
"109","id0081","control",1,"I will be responding to offers.","I will be proposing offers.","I will play with both AI and human participants.","Question not asked","Question not asked","Question not asked","Question not asked","Question not asked",1
"110","id0082","control",1,"I will be responding to offers.","I will be proposing offers.","I will play with both AI and human participants.","Question not asked","Question not asked","Question not asked","Question not asked","Question not asked",1
"111","id0084","control",3,"I will be responding to offers.","I will be responding to offers.","I will play with both AI and human participants.","Question not asked","Question not asked","Question not asked","Question not asked","Question not asked",0
"112","id0084","control",4,"I will be responding to offers.","I will be responding to offers.","I will only play with human participants recruited from a separate Prolific experiment.","Question not asked","Question not asked","Question not asked","Question not asked","Question not asked",0
"113","id0084","control",1,"I will be responding to offers.","I will be responding to offers.","I will play with both AI and human participants.","Question not asked","Question not asked","Question not asked","Question not asked","Question not asked",0
"114","id0084","control",7,"I will be responding to offers.","I will be proposing offers.","I will only play with human participants recruited from a separate Prolific experiment.","Question not asked","Question not asked","Question not asked","Question not asked","Question not asked",0
"115","id0084","control",8,"I will be responding to offers.","I will be proposing offers.","I will play with both AI and human participants.","Question not asked","Question not asked","Question not asked","Question not asked","Question not asked",1
"116","id0084","control",5,"I will be responding to offers.","I will be responding to offers.","I will play with both AI and human participants.","Question not asked","Question not asked","Question not asked","Question not asked","Question not asked",0
"117","id0084","control",2,"I will be responding to offers.","I will be responding to offers.","I will play with both AI and human participants.","Question not asked","Question not asked","Question not asked","Question not asked","Question not asked",0
"118","id0084","control",6,"I will be responding to offers.","I will be responding to offers.","I will only play with AI.","Question not asked","Question not asked","Question not asked","Question not asked","Question not asked",0
"119","id0085","control",1,"I will be responding to offers.","I will be proposing offers.","I will play with both AI and human participants.","Question not asked","Question not asked","Question not asked","Question not asked","Question not asked",1
"120","id0086","control",1,"I will be responding to offers.","I will be responding to offers.","I will play with both AI and human participants.","Question not asked","Question not asked","Question not asked","Question not asked","Question not asked",0
"121","id0086","control",4,"I will be responding to offers.","I will be proposing offers.","I will play with both AI and human participants.","Question not asked","Question not asked","Question not asked","Question not asked","Question not asked",1
"122","id0086","control",3,"I will be responding to offers.","I will be proposing offers.","I will only play with human participants recruited from a separate Prolific experiment.","Question not asked","Question not asked","Question not asked","Question not asked","Question not asked",0
"123","id0086","control",2,"I will be responding to offers.","I will be proposing offers.","I will only play with human participants recruited from a separate Prolific experiment.","Question not asked","Question not asked","Question not asked","Question not asked","Question not asked",0
"124","id0087","training_receiver_self",1,"I will be responding to offers.","I will be proposing offers.","I will play with both AI and human participants.","I will be training an AI to respond to offers.","Yes","No","The AI responder will learn to accept $3","The AI responder will learn to reject $4",1
"125","id0088","training_receiver_self",1,"I will be responding to offers.","I will be proposing offers.","I will play with both AI and human participants.","I will be training an AI to respond to offers.","Yes","No","The AI responder will learn to accept $2","The AI responder will learn to reject $5",1
"126","id0089","control",1,"I will be responding to offers.","I will be proposing offers.","I will play with both AI and human participants.","Question not asked","Question not asked","Question not asked","Question not asked","Question not asked",1
"127","id0090","training_receiver_self",1,"I will be responding to offers.","I will be proposing offers.","I will play with both AI and human participants.","I will be training an AI to respond to offers.","Yes","No","The AI responder will learn to accept $1","The AI responder will learn to reject $4",1
"128","id0090","training_receiver_self",1,"I will be responding to offers.","I will be proposing offers.","I will play with both AI and human participants.","I will be training an AI to respond to offers.","Yes","No","The AI responder will learn to accept $3","The AI responder will learn to reject $1",1
"129","id0092","control",1,"I will be responding to offers.","I will be proposing offers.","I will play with both AI and human participants.","Question not asked","Question not asked","Question not asked","Question not asked","Question not asked",1
"130","id0093","training_receiver_self",1,"I will be responding to offers.","I will be proposing offers.","I will play with both AI and human participants.","I will be training an AI to respond to offers.","Yes","No","The AI responder will learn to accept $2","The AI responder will learn to reject $3",1
"131","id0094","training_receiver_self",1,"I will be responding to offers.","I will be proposing offers.","I will play with both AI and human participants.","I will be training an AI to respond to offers.","Yes","No","The AI responder will learn to accept $2","The AI responder will learn to reject $6",1
"132","id0095","training_receiver_self",1,"I will be responding to offers.","I will be proposing offers.","I will play with both AI and human participants.","I will be training an AI to respond to offers.","Yes","No","The AI responder will learn to accept $4","The AI responder will learn to reject $5",1
"133","id0096","control",1,"I will be responding to offers.","I will be proposing offers.","I will play with both AI and human participants.","Question not asked","Question not asked","Question not asked","Question not asked","Question not asked",1
"134","id0097","control",1,"I will be responding to offers.","I will be proposing offers.","I will play with both AI and human participants.","Question not asked","Question not asked","Question not asked","Question not asked","Question not asked",1
"135","id0098","control",1,"I will be responding to offers.","I will be proposing offers.","I will play with both AI and human participants.","Question not asked","Question not asked","Question not asked","Question not asked","Question not asked",1
"136","id0099","training_receiver_self",1,"I will be responding to offers.","I will be proposing offers.","I will play with both AI and human participants.","I will be training an AI to propose offers. ","Yes","No","The AI responder will learn to accept $2","The AI responder will learn to reject $5",0
"137","id0099","training_receiver_self",2,"I will be responding to offers.","I will be proposing offers.","I will play with both AI and human participants.","I will be training an AI to respond to offers.","Yes","No","The AI responder will learn to accept $6","The AI responder will learn to reject $1",1
"138","id0101","control",1,"I will be responding to offers.","I will be proposing offers.","I will play with both AI and human participants.","Question not asked","Question not asked","Question not asked","Question not asked","Question not asked",1
"139","id0102","training_receiver_self",1,"I will be responding to offers.","I will be proposing offers.","I will play with both AI and human participants.","I will be training an AI to respond to offers.","Yes","No","The AI responder will learn to accept $2","The AI responder will learn to reject $1",1
"140","id0104","training_receiver_self",1,"I will be responding to offers.","I will be proposing offers.","I will play with both AI and human participants.","I will be training an AI to respond to offers.","Yes","No","The AI responder will learn to accept $5","The AI responder will learn to reject $1",1
"141","id0105","training_receiver_self",1,"I will be responding to offers.","I will be proposing offers.","I will play with both AI and human participants.","I will be training an AI to respond to offers.","Yes","No","The AI responder will learn to accept $5","The AI responder will learn to reject $5",1
"142","id0106","control",2,"I will be responding to offers.","I will be proposing offers.","I will play with both AI and human participants.","Question not asked","Question not asked","Question not asked","Question not asked","Question not asked",1
"143","id0106","control",1,"I will be responding to offers.","I will be responding to offers.","I will play with both AI and human participants.","Question not asked","Question not asked","Question not asked","Question not asked","Question not asked",0
"144","id0107","control",1,"I will be responding to offers.","I will be proposing offers.","I will play with both AI and human participants.","Question not asked","Question not asked","Question not asked","Question not asked","Question not asked",1
"145","id0108","control",1,"I will be responding to offers.","I will be proposing offers.","I will play with both AI and human participants.","Question not asked","Question not asked","Question not asked","Question not asked","Question not asked",1
"146","id0109","control",1,"I will be responding to offers.","I will be proposing offers.","I will play with both AI and human participants.","Question not asked","Question not asked","Question not asked","Question not asked","Question not asked",1
"147","id0111","control",1,"I will be responding to offers.","I will be proposing offers.","I will play with both AI and human participants.","Question not asked","Question not asked","Question not asked","Question not asked","Question not asked",1
"148","id0112","control",1,"I will be responding to offers.","I will be proposing offers.","I will play with both AI and human participants.","Question not asked","Question not asked","Question not asked","Question not asked","Question not asked",1
"149","id0113","training_receiver_self",1,"I will be responding to offers.","I will be proposing offers.","I will play with both AI and human participants.","I will be training an AI to respond to offers.","Yes","No","The AI responder will learn to accept $4","The AI responder will learn to reject $4",1
"150","id0114","training_receiver_self",1,"I will be responding to offers.","I will be proposing offers.","I will play with both AI and human participants.","I will be training an AI to respond to offers.","Yes","No","The AI responder will learn to accept $4","The AI responder will learn to reject $6",1
"151","id0115","control",1,"I will be responding to offers.","I will be proposing offers.","I will play with both AI and human participants.","Question not asked","Question not asked","Question not asked","Question not asked","Question not asked",1
"152","id0116","control",1,"I will be responding to offers.","I will be proposing offers.","I will play with both AI and human participants.","Question not asked","Question not asked","Question not asked","Question not asked","Question not asked",1
"153","id0117","control",1,"I will be responding to offers.","I will be proposing offers.","I will play with both AI and human participants.","Question not asked","Question not asked","Question not asked","Question not asked","Question not asked",1
"154","id0118","control",1,"I will be responding to offers.","I will be proposing offers.","I will play with both AI and human participants.","Question not asked","Question not asked","Question not asked","Question not asked","Question not asked",1
"155","id0119","control",1,"I will be responding to offers.","I will be proposing offers.","I will play with both AI and human participants.","Question not asked","Question not asked","Question not asked","Question not asked","Question not asked",1
"156","id0120","training_receiver_self",2,"I will be responding to offers.","I will be proposing offers.","I will play with both AI and human participants.","I will be training an AI to respond to offers.","Yes","No","The AI responder will learn to accept $2","The AI responder will learn to reject $5",1
"157","id0120","training_receiver_self",1,"I will be responding to offers.","I will be proposing offers.","I will play with both AI and human participants.","I will be training an AI to propose offers. ","Yes","No","The AI responder will learn to accept $4","The AI responder will learn to reject $3",0
"158","id0121","control",1,"I will be responding to offers.","I will be proposing offers.","I will play with both AI and human participants.","Question not asked","Question not asked","Question not asked","Question not asked","Question not asked",1
"159","id0123","control",1,"I will be responding to offers.","I will be proposing offers.","I will play with both AI and human participants.","Question not asked","Question not asked","Question not asked","Question not asked","Question not asked",1
"160","id0124","training_receiver_self",1,"I will be responding to offers.","I will be proposing offers.","I will play with both AI and human participants.","I will be training an AI to respond to offers.","No","Yes","The AI responder will learn to accept $5","The AI responder will learn to reject $3",0
"161","id0124","training_receiver_self",2,"I will be responding to offers.","I will be proposing offers.","I will play with both AI and human participants.","I will be training an AI to respond to offers.","Yes","No","The AI responder will learn to accept $1","The AI responder will learn to reject $2",1
"162","id0125","control",1,"I will be responding to offers.","I will be proposing offers.","I will play with both AI and human participants.","Question not asked","Question not asked","Question not asked","Question not asked","Question not asked",1
"163","id0126","training_receiver_self",1,"I will be responding to offers.","I will be proposing offers.","I will play with both AI and human participants.","I will be training an AI to respond to offers.","Yes","No","The AI responder will learn to accept $6","The AI responder will learn to reject $6",1
"164","id0127","control",1,"I will be responding to offers.","I will be proposing offers.","I will play with both AI and human participants.","Question not asked","Question not asked","Question not asked","Question not asked","Question not asked",1
"165","id0128","control",1,"I will be responding to offers.","I will be proposing offers.","I will play with both AI and human participants.","Question not asked","Question not asked","Question not asked","Question not asked","Question not asked",1
"166","id0129","control",1,"I will be responding to offers.","I will be proposing offers.","I will play with both AI and human participants.","Question not asked","Question not asked","Question not asked","Question not asked","Question not asked",1
"167","id0130","control",1,"I will be responding to offers.","I will be proposing offers.","I will play with both AI and human participants.","Question not asked","Question not asked","Question not asked","Question not asked","Question not asked",1
"168","id0131","control",1,"I will be responding to offers.","I will be proposing offers.","I will play with both AI and human participants.","Question not asked","Question not asked","Question not asked","Question not asked","Question not asked",1
"169","id0132","training_receiver_self",1,"I will be responding to offers.","I will be proposing offers.","I will play with both AI and human participants.","I will be training an AI to respond to offers.","Yes","No","The AI responder will learn to accept $3","The AI responder will learn to reject $6",1
"170","id0133","control",1,"I will be responding to offers.","I will be proposing offers.","I will play with both AI and human participants.","Question not asked","Question not asked","Question not asked","Question not asked","Question not asked",1
"171","id0134","training_receiver_self",1,"I will be responding to offers.","I will be proposing offers.","I will play with both AI and human participants.","I will be training an AI to respond to offers.","Yes","No","The AI responder will learn to accept $2","The AI responder will learn to reject $3",1
"172","id0136","training_receiver_self",1,"I will be responding to offers.","I will be proposing offers.","I will play with both AI and human participants.","I will be training an AI to respond to offers.","Yes","No","The AI responder will learn to accept $3","The AI responder will learn to reject $5",1
"173","id0137","training_receiver_self",1,"I will be responding to offers.","I will be proposing offers.","I will play with both AI and human participants.","I will be training an AI to respond to offers.","Yes","No","The AI responder will learn to accept $1","The AI responder will learn to reject $1",1
"174","id0138","training_receiver_self",1,"I will be responding to offers.","I will be proposing offers.","I will play with both AI and human participants.","I will be training an AI to respond to offers.","Yes","No","The AI responder will learn to accept $3","The AI responder will learn to reject $1",1
"175","id0140","training_receiver_self",1,"I will be responding to offers.","I will be proposing offers.","I will play with both AI and human participants.","I will be training an AI to respond to offers.","Yes","No","The AI responder will learn to accept $1","The AI responder will learn to reject $6",1
"176","id0140","training_receiver_self",1,"I will be responding to offers.","I will be proposing offers.","I will play with both AI and human participants.","I will be training an AI to respond to offers.","Yes","No","The AI responder will learn to accept $5","The AI responder will learn to reject $3",1
"177","id0141","control",1,"I will be responding to offers.","I will be proposing offers.","I will play with both AI and human participants.","Question not asked","Question not asked","Question not asked","Question not asked","Question not asked",1
"178","id0142","control",1,"I will be responding to offers.","I will be proposing offers.","I will play with both AI and human participants.","Question not asked","Question not asked","Question not asked","Question not asked","Question not asked",1
"179","id0143","control",1,"I will be responding to offers.","I will be proposing offers.","I will play with both AI and human participants.","Question not asked","Question not asked","Question not asked","Question not asked","Question not asked",1
"180","id0144","control",1,"I will be responding to offers.","I will be proposing offers.","I will play with both AI and human participants.","Question not asked","Question not asked","Question not asked","Question not asked","Question not asked",1
"181","id0145","training_receiver_self",1,"I will be responding to offers.","I will be proposing offers.","I will play with both AI and human participants.","I will be training an AI to respond to offers.","Yes","No","The AI responder will learn to accept $3","The AI responder will learn to reject $4",1
"182","id0146","control",1,"I will be responding to offers.","I will be proposing offers.","I will play with both AI and human participants.","Question not asked","Question not asked","Question not asked","Question not asked","Question not asked",1
"183","id0147","control",1,"I will be responding to offers.","I will be proposing offers.","I will play with both AI and human participants.","Question not asked","Question not asked","Question not asked","Question not asked","Question not asked",1
"184","id0148","training_receiver_self",1,"I will be responding to offers.","I will be proposing offers.","I will play with both AI and human participants.","I will be training an AI to respond to offers.","Yes","Yes","The AI responder will learn to accept $6","The AI responder will learn to accept $5",0
"185","id0148","training_receiver_self",2,"I will be responding to offers.","I will be proposing offers.","I will play with both AI and human participants.","I will be training an AI to respond to offers.","Yes","No","The AI responder will learn to accept $5","The AI responder will learn to reject $1",1
"186","id0149","control",1,"I will be responding to offers.","I will be proposing offers.","I will play with both AI and human participants.","Question not asked","Question not asked","Question not asked","Question not asked","Question not asked",1
"187","id0150","control",1,"I will be responding to offers.","I will be proposing offers.","I will play with both AI and human participants.","Question not asked","Question not asked","Question not asked","Question not asked","Question not asked",1
"188","id0151","training_receiver_self",1,"I will be responding to offers.","I will be proposing offers.","I will play with both AI and human participants.","I will be training an AI to respond to offers.","Yes","No","The AI responder will learn to accept $1","The AI responder will learn to reject $1",1
"189","id0153","training_receiver_self",1,"I will be responding to offers.","I will be proposing offers.","I will play with both AI and human participants.","I will be training an AI to respond to offers.","Yes","No","The AI responder will learn to accept $5","The AI responder will learn to reject $3",1
"190","id0154","control",1,"I will be responding to offers.","I will be proposing offers.","I will play with both AI and human participants.","Question not asked","Question not asked","Question not asked","Question not asked","Question not asked",1
"191","id0155","control",1,"I will be responding to offers.","I will be proposing offers.","I will play with both AI and human participants.","Question not asked","Question not asked","Question not asked","Question not asked","Question not asked",1
"192","id0156","control",1,"I will be responding to offers.","I will be proposing offers.","I will play with both AI and human participants.","Question not asked","Question not asked","Question not asked","Question not asked","Question not asked",1
"193","id0157","control",1,"I will be responding to offers.","I will be proposing offers.","I will play with both AI and human participants.","Question not asked","Question not asked","Question not asked","Question not asked","Question not asked",1
"194","id0158","control",1,"I will be responding to offers.","I will be responding to offers.","I will play with both AI and human participants.","Question not asked","Question not asked","Question not asked","Question not asked","Question not asked",0
"195","id0158","control",2,"I will be responding to offers.","I will be proposing offers.","I will play with both AI and human participants.","Question not asked","Question not asked","Question not asked","Question not asked","Question not asked",1
"196","id0159","training_receiver_self",2,"I will be responding to offers.","I will be proposing offers.","I will play with both AI and human participants.","I will be training an AI to respond to offers.","Yes","No","The AI responder will learn to accept $4","The AI responder will learn to reject $2",1
"197","id0159","training_receiver_self",1,"I will be responding to offers.","I will be proposing offers.","I will only play with AI.","I will be training an AI to respond to offers.","Yes","No","The AI responder will learn to accept $2","The AI responder will learn to reject $2",0
"198","id0161","control",1,"I will be responding to offers.","I will be proposing offers.","I will play with both AI and human participants.","Question not asked","Question not asked","Question not asked","Question not asked","Question not asked",1
"199","id0162","control",1,"I will be responding to offers.","I will be proposing offers.","I will play with both AI and human participants.","Question not asked","Question not asked","Question not asked","Question not asked","Question not asked",1
"200","id0163","control",1,"I will be responding to offers.","I will be proposing offers.","I will play with both AI and human participants.","Question not asked","Question not asked","Question not asked","Question not asked","Question not asked",1
"201","id0164","control",1,"I will be responding to offers.","I will be proposing offers.","I will play with both AI and human participants.","Question not asked","Question not asked","Question not asked","Question not asked","Question not asked",1
"202","id0165","control",1,"I will be responding to offers.","I will be proposing offers.","I will play with both AI and human participants.","Question not asked","Question not asked","Question not asked","Question not asked","Question not asked",1
"203","id0166","training_receiver_self",1,"I will be responding to offers.","I will be proposing offers.","I will play with both AI and human participants.","I will be training an AI to respond to offers.","Yes","No","The AI responder will learn to accept $4","The AI responder will learn to reject $4",1
"204","id0168","training_receiver_self",2,"I will be responding to offers.","I will be proposing offers.","I will play with both AI and human participants.","I will be training an AI to respond to offers.","Yes","No","The AI responder will learn to accept $3","The AI responder will learn to reject $4",1
"205","id0168","training_receiver_self",1,"I will be responding to offers.","I will be proposing offers.","I will only play with human participants recruited from a separate Prolific experiment.","I will be training an AI to respond to offers.","Yes","Yes","The AI responder will learn to accept $1","The AI responder will learn to reject $3",0
"206","id0170","control",1,"I will be responding to offers.","I will be proposing offers.","I will play with both AI and human participants.","Question not asked","Question not asked","Question not asked","Question not asked","Question not asked",1
"207","id0171","training_receiver_self",1,"I will be responding to offers.","I will be proposing offers.","I will play with both AI and human participants.","I will be training an AI to respond to offers.","Yes","No","The AI responder will learn to accept $4","The AI responder will learn to reject $1",1
"208","id0172","control",1,"I will be responding to offers.","I will be proposing offers.","I will play with both AI and human participants.","Question not asked","Question not asked","Question not asked","Question not asked","Question not asked",1
"209","id0173","control",1,"I will be responding to offers.","I will be proposing offers.","I will play with both AI and human participants.","Question not asked","Question not asked","Question not asked","Question not asked","Question not asked",1
"210","id0174","training_receiver_self",1,"I will be responding to offers.","I will be responding to offers.","I will play with both AI and human participants.","I will be training an AI to respond to offers.","Yes","No","The AI responder will learn to accept $2","The AI responder will learn to reject $6",0
"211","id0174","training_receiver_self",2,"I will be responding to offers.","I will be proposing offers.","I will play with both AI and human participants.","I will be training an AI to respond to offers.","Yes","No","The AI responder will learn to accept $6","The AI responder will learn to reject $3",1
"212","id0175","control",2,"I will be responding to offers.","I will be proposing offers.","I will play with both AI and human participants.","Question not asked","Question not asked","Question not asked","Question not asked","Question not asked",1
"213","id0175","control",1,"I will be responding to offers.","I will be responding to offers.","I will play with both AI and human participants.","Question not asked","Question not asked","Question not asked","Question not asked","Question not asked",0
"214","id0176","control",1,"I will be responding to offers.","I will be proposing offers.","I will play with both AI and human participants.","Question not asked","Question not asked","Question not asked","Question not asked","Question not asked",1
"215","id0177","training_receiver_self",1,"I will be responding to offers.","I will be proposing offers.","I will play with both AI and human participants.","I will be training an AI to respond to offers.","Yes","No","The AI responder will learn to accept $6","The AI responder will learn to reject $4",1
"216","id0179","control",2,"I will be responding to offers.","I will be proposing offers.","I will play with both AI and human participants.","Question not asked","Question not asked","Question not asked","Question not asked","Question not asked",1
"217","id0179","control",1,"I will be responding to offers.","I will be responding to offers.","I will play with both AI and human participants.","Question not asked","Question not asked","Question not asked","Question not asked","Question not asked",0
"218","id0180","training_receiver_self",1,"I will be responding to offers.","I will be responding to offers.","I will only play with AI.","I will be training an AI to respond to offers.","Yes","No","The AI responder will learn to accept $6","The AI responder will learn to reject $6",0
"219","id0180","training_receiver_self",2,"I will be responding to offers.","I will be proposing offers.","I will only play with AI.","I will be training an AI to respond to offers.","Yes","No","The AI responder will learn to accept $1","The AI responder will learn to reject $4",0
"220","id0180","training_receiver_self",3,"I will be responding to offers.","I will be proposing offers.","I will only play with AI.","I will be training an AI to respond to offers.","Yes","No","The AI responder will learn to accept $1","The AI responder will learn to reject $3",0
"221","id0180","training_receiver_self",5,"I will be responding to offers.","I will be proposing offers.","I will only play with AI.","I will be training an AI to respond to offers.","Yes","No","The AI responder will learn to accept $2","The AI responder will learn to reject $5",0
"222","id0180","training_receiver_self",6,"I will be responding to offers.","I will be proposing offers.","I will play with both AI and human participants.","I will be training an AI to respond to offers.","Yes","No","The AI responder will learn to accept $2","The AI responder will learn to reject $5",1
"223","id0180","training_receiver_self",4,"I will be responding to offers.","I will be proposing offers.","I will only play with AI.","I will be training an AI to respond to offers.","Yes","Yes","The AI responder will learn to accept $2","The AI responder will learn to reject $5",0
"224","id0181","control",1,"I will be responding to offers.","I will be proposing offers.","I will play with both AI and human participants.","Question not asked","Question not asked","Question not asked","Question not asked","Question not asked",1
"225","id0182","control",1,"I will be responding to offers.","I will be proposing offers.","I will play with both AI and human participants.","Question not asked","Question not asked","Question not asked","Question not asked","Question not asked",1
"226","id0183","control",1,"I will be responding to offers.","I will be proposing offers.","I will play with both AI and human participants.","Question not asked","Question not asked","Question not asked","Question not asked","Question not asked",1
"227","id0184","training_receiver_self",1,"I will be responding to offers.","I will be responding to offers.","I will only play with AI.","I will be training an AI to propose offers. ","Yes","No","The AI responder will learn to accept $3","The AI responder will learn to reject $2",0
"228","id0184","training_receiver_self",2,"I will be responding to offers.","I will be proposing offers.","I will only play with AI.","I will be training an AI to propose offers. ","Yes","No","The AI responder will learn to accept $6","The AI responder will learn to reject $3",0
"229","id0184","training_receiver_self",3,"I will be responding to offers.","I will be proposing offers.","I will play with both AI and human participants.","I will be training an AI to respond to offers.","Yes","No","The AI responder will learn to accept $6","The AI responder will learn to reject $2",1
"230","id0185","control",2,"I will be responding to offers.","I will be proposing offers.","I will play with both AI and human participants.","Question not asked","Question not asked","Question not asked","Question not asked","Question not asked",1
"231","id0185","control",1,"I will be responding to offers.","I will be responding to offers.","I will play with both AI and human participants.","Question not asked","Question not asked","Question not asked","Question not asked","Question not asked",0
"232","id0186","control",1,"I will be responding to offers.","I will be proposing offers.","I will play with both AI and human participants.","Question not asked","Question not asked","Question not asked","Question not asked","Question not asked",1
"233","id0187","control",1,"I will be responding to offers.","I will be proposing offers.","I will play with both AI and human participants.","Question not asked","Question not asked","Question not asked","Question not asked","Question not asked",1
"234","id0188","training_receiver_self",1,"I will be responding to offers.","I will be proposing offers.","I will play with both AI and human participants.","I will be training an AI to respond to offers.","Yes","No","The AI responder will learn to accept $3","The AI responder will learn to reject $6",1
"235","id0189","training_receiver_self",1,"I will be responding to offers.","I will be proposing offers.","I will play with both AI and human participants.","I will be training an AI to respond to offers.","Yes","No","The AI responder will learn to accept $4","The AI responder will learn to reject $4",1
"236","id0190","training_receiver_self",1,"I will be responding to offers.","I will be proposing offers.","I will play with both AI and human participants.","I will be training an AI to respond to offers.","Yes","No","The AI responder will learn to accept $2","The AI responder will learn to reject $1",1
"237","id0191","control",1,"I will be responding to offers.","I will be responding to offers.","I will play with both AI and human participants.","Question not asked","Question not asked","Question not asked","Question not asked","Question not asked",0
"238","id0191","control",2,"I will be responding to offers.","I will be proposing offers.","I will only play with human participants recruited from a separate Prolific experiment.","Question not asked","Question not asked","Question not asked","Question not asked","Question not asked",0
"239","id0191","control",3,"I will be responding to offers.","I will be proposing offers.","I will play with both AI and human participants.","Question not asked","Question not asked","Question not asked","Question not asked","Question not asked",1
"240","id0192","control",1,"I will be responding to offers.","I will be proposing offers.","I will play with both AI and human participants.","Question not asked","Question not asked","Question not asked","Question not asked","Question not asked",1
"241","id0193","control",1,"I will be responding to offers.","I will be proposing offers.","I will play with both AI and human participants.","Question not asked","Question not asked","Question not asked","Question not asked","Question not asked",1
"242","id0194","training_receiver_self",1,"I will be responding to offers.","I will be proposing offers.","I will only play with AI.","I will be training an AI to propose offers. ","Yes","Yes","The AI responder will learn to accept $4","The AI responder will learn to reject $5",0
"243","id0194","training_receiver_self",3,"I will be responding to offers.","I will be proposing offers.","I will play with both AI and human participants.","I will be training an AI to respond to offers.","Yes","No","The AI responder will learn to accept $1","The AI responder will learn to reject $5",1
"244","id0194","training_receiver_self",2,"I will be responding to offers.","I will be proposing offers.","I will play with both AI and human participants.","I will be training an AI to propose offers. ","Yes","No","The AI responder will learn to accept $4","The AI responder will learn to reject $6",0
"245","id0195","training_receiver_self",1,"I will be responding to offers.","I will be proposing offers.","I will play with both AI and human participants.","I will be training an AI to respond to offers.","Yes","No","The AI responder will learn to accept $1","The AI responder will learn to reject $6",1
"246","id0196","control",1,"I will be responding to offers.","I will be proposing offers.","I will play with both AI and human participants.","Question not asked","Question not asked","Question not asked","Question not asked","Question not asked",1
"247","id0197","control",1,"I will be responding to offers.","I will be proposing offers.","I will play with both AI and human participants.","Question not asked","Question not asked","Question not asked","Question not asked","Question not asked",1
"248","id0198","training_receiver_self",1,"I will be responding to offers.","I will be proposing offers.","I will play with both AI and human participants.","I will be training an AI to respond to offers.","Yes","No","The AI responder will learn to accept $1","The AI responder will learn to reject $6",1
"249","id0199","training_receiver_self",1,"I will be responding to offers.","I will be proposing offers.","I will play with both AI and human participants.","I will be training an AI to respond to offers.","Yes","No","The AI responder will learn to accept $5","The AI responder will learn to reject $2",1
"250","id0200","training_receiver_self",2,"I will be responding to offers.","I will be proposing offers.","I will play with both AI and human participants.","I will be training an AI to respond to offers.","Yes","No","The AI responder will learn to accept $3","The AI responder will learn to reject $2",1
"251","id0200","training_receiver_self",1,"I will be responding to offers.","I will be responding to offers.","I will play with both AI and human participants.","I will be training an AI to respond to offers.","Yes","Yes","The AI responder will learn to accept $1","The AI responder will learn to reject $5",0
"252","id0201","control",1,"I will be responding to offers.","I will be proposing offers.","I will play with both AI and human participants.","Question not asked","Question not asked","Question not asked","Question not asked","Question not asked",1
"253","id0202","training_receiver_self",1,"I will be responding to offers.","I will be proposing offers.","I will play with both AI and human participants.","I will be training an AI to respond to offers.","Yes","No","The AI responder will learn to accept $6","The AI responder will learn to reject $1",1
"254","id0203","training_receiver_self",1,"I will be responding to offers.","I will be proposing offers.","I will play with both AI and human participants.","I will be training an AI to respond to offers.","Yes","No","The AI responder will learn to accept $3","The AI responder will learn to reject $3",1
"255","id0204","control",1,"I will be responding to offers.","I will be proposing offers.","I will only play with human participants recruited from a separate Prolific experiment.","Question not asked","Question not asked","Question not asked","Question not asked","Question not asked",0
"256","id0204","control",2,"I will be responding to offers.","I will be proposing offers.","I will play with both AI and human participants.","Question not asked","Question not asked","Question not asked","Question not asked","Question not asked",1
"257","id0205","control",1,"I will be responding to offers.","I will be proposing offers.","I will play with both AI and human participants.","Question not asked","Question not asked","Question not asked","Question not asked","Question not asked",1
"258","id0206","training_receiver_self",1,"I will be responding to offers.","I will be proposing offers.","I will play with both AI and human participants.","I will be training an AI to respond to offers.","Yes","No","The AI responder will learn to accept $2","The AI responder will learn to reject $3",1
"259","id0207","training_receiver_self",1,"I will be responding to offers.","I will be responding to offers.","I will play with both AI and human participants.","I will be training an AI to respond to offers.","Yes","Yes","The AI responder will learn to accept $4","The AI responder will learn to reject $3",0
"260","id0207","training_receiver_self",3,"I will be responding to offers.","I will be responding to offers.","I will play with both AI and human participants.","I will be training an AI to respond to offers.","Yes","No","The AI responder will learn to accept $6","The AI responder will learn to reject $1",0
"261","id0207","training_receiver_self",2,"I will be responding to offers.","I will be responding to offers.","I will play with both AI and human participants.","I will be training an AI to respond to offers.","Yes","No","The AI responder will learn to accept $1","The AI responder will not learn anything.",0
"262","id0207","training_receiver_self",4,"I will be responding to offers.","I will be proposing offers.","I will play with both AI and human participants.","I will be training an AI to respond to offers.","Yes","No","The AI responder will learn to accept $4","The AI responder will learn to reject $5",1
"263","id0208","training_receiver_self",1,"I will be responding to offers.","I will be proposing offers.","I will play with both AI and human participants.","I will be training an AI to respond to offers.","Yes","No","The AI responder will learn to accept $1","The AI responder will learn to reject $6",1
"264","id0209","control",1,"I will be responding to offers.","I will be proposing offers.","I will play with both AI and human participants.","Question not asked","Question not asked","Question not asked","Question not asked","Question not asked",1
"265","id0210","control",1,"I will be responding to offers.","I will be proposing offers.","I will play with both AI and human participants.","Question not asked","Question not asked","Question not asked","Question not asked","Question not asked",1
"266","id0211","training_receiver_self",1,"I will be responding to offers.","I will be proposing offers.","I will play with both AI and human participants.","I will be training an AI to respond to offers.","Yes","Yes","The AI responder will learn to accept $4","The AI responder will learn to reject $3",0
"267","id0211","training_receiver_self",2,"I will be responding to offers.","I will be proposing offers.","I will play with both AI and human participants.","I will be training an AI to respond to offers.","Yes","No","The AI responder will learn to accept $6","The AI responder will learn to reject $4",1
"268","id0212","control",1,"I will be responding to offers.","I will be proposing offers.","I will play with both AI and human participants.","Question not asked","Question not asked","Question not asked","Question not asked","Question not asked",1
"269","id0213","control",1,"I will be responding to offers.","I will be proposing offers.","I will play with both AI and human participants.","Question not asked","Question not asked","Question not asked","Question not asked","Question not asked",1
"270","id0214","control",1,"I will be responding to offers.","I will be responding to offers.","I will play with both AI and human participants.","Question not asked","Question not asked","Question not asked","Question not asked","Question not asked",0
"271","id0214","control",2,"I will be responding to offers.","I will be proposing offers.","I will play with both AI and human participants.","Question not asked","Question not asked","Question not asked","Question not asked","Question not asked",1
"272","id0215","control",1,"I will be responding to offers.","I will be proposing offers.","I will play with both AI and human participants.","Question not asked","Question not asked","Question not asked","Question not asked","Question not asked",1
"273","id0217","training_receiver_self",1,"I will be responding to offers.","I will be proposing offers.","I will play with both AI and human participants.","I will be training an AI to propose offers. ","Yes","No","The AI responder will learn to accept $4","The AI responder will learn to reject $2",0
"274","id0217","training_receiver_self",2,"I will be responding to offers.","I will be proposing offers.","I will play with both AI and human participants.","I will be training an AI to respond to offers.","Yes","No","The AI responder will learn to accept $5","The AI responder will learn to reject $3",1
"275","id0218","training_receiver_self",1,"I will be responding to offers.","I will be proposing offers.","I will only play with human participants recruited from a separate Prolific experiment.","I will be training an AI to respond to offers.","Yes","Yes","The AI responder will learn to accept $1","The AI responder will learn to reject $4",0
"276","id0218","training_receiver_self",2,"I will be responding to offers.","I will be proposing offers.","I will play with both AI and human participants.","I will be training an AI to respond to offers.","Yes","No","The AI responder will learn to accept $3","The AI responder will learn to reject $5",1
"277","id0219","control",1,"I will be responding to offers.","I will be proposing offers.","I will play with both AI and human participants.","Question not asked","Question not asked","Question not asked","Question not asked","Question not asked",1
"278","id0220","control",1,"I will be responding to offers.","I will be proposing offers.","I will play with both AI and human participants.","Question not asked","Question not asked","Question not asked","Question not asked","Question not asked",1
"279","id0221","control",1,"I will be responding to offers.","I will be proposing offers.","I will play with both AI and human participants.","Question not asked","Question not asked","Question not asked","Question not asked","Question not asked",1
"280","id0222","control",1,"I will be responding to offers.","I will be proposing offers.","I will play with both AI and human participants.","Question not asked","Question not asked","Question not asked","Question not asked","Question not asked",1
"281","id0223","training_receiver_self",2,"I will be responding to offers.","I will be proposing offers.","I will play with both AI and human participants.","I will be training an AI to respond to offers.","Yes","No","The AI responder will learn to accept $5","The AI responder will learn to reject $5",1
"282","id0223","training_receiver_self",1,"I will be responding to offers.","I will be proposing offers.","I will play with both AI and human participants.","I will be training an AI to respond to offers.","No","Yes","The AI responder will learn to accept $2","The AI responder will learn to reject $4",0
"283","id0224","control",1,"I will be responding to offers.","I will be proposing offers.","I will play with both AI and human participants.","Question not asked","Question not asked","Question not asked","Question not asked","Question not asked",1
"284","id0225","training_receiver_self",1,"I will be responding to offers.","I will be proposing offers.","I will play with both AI and human participants.","I will be training an AI to respond to offers.","Yes","No","The AI responder will learn to accept $2","The AI responder will learn to reject $4",1
"285","id0226","training_receiver_self",1,"I will be responding to offers.","I will be proposing offers.","I will play with both AI and human participants.","I will be training an AI to respond to offers.","Yes","No","The AI responder will learn to accept $5","The AI responder will learn to reject $5",1
"286","id0227","training_receiver_self",1,"I will be responding to offers.","I will be proposing offers.","I will play with both AI and human participants.","I will be training an AI to respond to offers.","Yes","No","The AI responder will learn to accept $1","The AI responder will learn to reject $1",1
"287","id0228","control",1,"I will be responding to offers.","I will be proposing offers.","I will play with both AI and human participants.","Question not asked","Question not asked","Question not asked","Question not asked","Question not asked",1
"288","id0229","control",1,"I will be responding to offers.","I will be proposing offers.","I will play with both AI and human participants.","Question not asked","Question not asked","Question not asked","Question not asked","Question not asked",1
"289","id0230","training_receiver_self",1,"I will be responding to offers.","I will be proposing offers.","I will play with both AI and human participants.","I will be training an AI to respond to offers.","Yes","No","The AI responder will learn to accept $3","The AI responder will learn to reject $3",1
"290","id0231","control",1,"I will be responding to offers.","I will be proposing offers.","I will play with both AI and human participants.","Question not asked","Question not asked","Question not asked","Question not asked","Question not asked",1
"291","id0232","training_receiver_self",1,"I will be responding to offers.","I will be proposing offers.","I will play with both AI and human participants.","I will be training an AI to respond to offers.","No","No","The AI responder will learn to accept $3","The AI responder will learn to accept $6",0
"292","id0232","training_receiver_self",2,"I will be responding to offers.","I will be proposing offers.","I will play with both AI and human participants.","I will be training an AI to respond to offers.","Yes","No","The AI responder will learn to accept $1","The AI responder will learn to reject $3",1
"293","id0233","training_receiver_self",1,"I will be responding to offers.","I will be proposing offers.","I will play with both AI and human participants.","I will be training an AI to respond to offers.","No","No","The AI responder will learn to accept $5","The AI responder will learn to reject $2",0
"294","id0233","training_receiver_self",2,"I will be responding to offers.","I will be proposing offers.","I will play with both AI and human participants.","I will be training an AI to propose offers. ","No","Yes","The AI responder will learn to accept $2","The AI responder will learn to reject $3",0
"295","id0233","training_receiver_self",3,"I will be responding to offers.","I will be proposing offers.","I will play with both AI and human participants.","I will be training an AI to respond to offers.","Yes","No","The AI responder will learn to accept $6","The AI responder will learn to reject $3",1
"296","id0234","control",1,"I will be responding to offers.","I will be proposing offers.","I will play with both AI and human participants.","Question not asked","Question not asked","Question not asked","Question not asked","Question not asked",1
"297","id0235","training_receiver_self",1,"I will be responding to offers.","I will be proposing offers.","I will play with both AI and human participants.","I will be training an AI to respond to offers.","No","No","The AI responder will learn to accept $4","The AI responder will learn to reject $1",0
"298","id0235","training_receiver_self",2,"I will be responding to offers.","I will be proposing offers.","I will play with both AI and human participants.","I will be training an AI to respond to offers.","Yes","No","The AI responder will learn to accept $3","The AI responder will learn to reject $2",1
"299","id0236","training_receiver_self",1,"I will be responding to offers.","I will be proposing offers.","I will play with both AI and human participants.","I will be training an AI to respond to offers.","Yes","Yes","The AI responder will learn to accept $1","The AI responder will learn to reject $1",0
"300","id0236","training_receiver_self",2,"I will be responding to offers.","I will be proposing offers.","I will play with both AI and human participants.","I will be training an AI to respond to offers.","Yes","No","The AI responder will learn to accept $4","The AI responder will learn to reject $4",1
"301","id0237","control",1,"I will be responding to offers.","I will be proposing offers.","I will play with both AI and human participants.","Question not asked","Question not asked","Question not asked","Question not asked","Question not asked",1
"302","id0240","control",1,"I will be proposing offers.","I will be responding to offers.","I will play with both AI and human participants.","Question not asked","Question not asked","Question not asked","Question not asked","Question not asked",0
"303","id0240","control",2,"I will be responding to offers.","I will be proposing offers.","I will play with both AI and human participants.","Question not asked","Question not asked","Question not asked","Question not asked","Question not asked",1
"304","id0241","control",1,"I will be responding to offers.","I will be proposing offers.","I will play with both AI and human participants.","Question not asked","Question not asked","Question not asked","Question not asked","Question not asked",1
"305","id0242","training_receiver_self",1,"I will be responding to offers.","I will be proposing offers.","I will play with both AI and human participants.","I will be training an AI to respond to offers.","Yes","No","The AI responder will learn to accept $5","The AI responder will learn to reject $2",1
"306","id0243","control",1,"I will be responding to offers.","I will be proposing offers.","I will play with both AI and human participants.","Question not asked","Question not asked","Question not asked","Question not asked","Question not asked",1
"307","id0244","training_receiver_self",1,"I will be responding to offers.","I will be proposing offers.","I will play with both AI and human participants.","I will be training an AI to respond to offers.","Yes","No","The AI responder will learn to accept $2","The AI responder will learn to reject $6",1
"308","id0245","training_receiver_self",1,"I will be responding to offers.","I will be proposing offers.","I will play with both AI and human participants.","I will be training an AI to respond to offers.","Yes","No","The AI responder will learn to accept $5","The AI responder will learn to reject $3",1
"309","id0246","training_receiver_self",1,"I will be responding to offers.","I will be proposing offers.","I will play with both AI and human participants.","I will be training an AI to respond to offers.","Yes","No","The AI responder will learn to accept $3","The AI responder will learn to reject $6",1
"310","id0247","training_receiver_self",1,"I will be responding to offers.","I will be proposing offers.","I will play with both AI and human participants.","I will be training an AI to respond to offers.","Yes","No","The AI responder will learn to accept $5","The AI responder will learn to reject $6",1
"311","id0249","training_receiver_self",1,"I will be responding to offers.","I will be proposing offers.","I will play with both AI and human participants.","I will be training an AI to respond to offers.","Yes","No","The AI responder will learn to accept $6","The AI responder will learn to reject $1",1
"312","id0250","control",1,"I will be responding to offers.","I will be proposing offers.","I will play with both AI and human participants.","Question not asked","Question not asked","Question not asked","Question not asked","Question not asked",1
"313","id0251","control",1,"I will be responding to offers.","I will be proposing offers.","I will play with both AI and human participants.","Question not asked","Question not asked","Question not asked","Question not asked","Question not asked",1
"314","id0252","training_receiver_self",1,"I will be responding to offers.","I will be proposing offers.","I will only play with AI.","I will be training an AI to respond to offers.","No","No","The AI responder will learn to accept $3","The AI responder will learn to reject $5",0
"315","id0252","training_receiver_self",2,"I will be responding to offers.","I will be proposing offers.","I will play with both AI and human participants.","I will be training an AI to respond to offers.","Yes","No","The AI responder will learn to accept $6","The AI responder will learn to reject $3",1
"316","id0254","control",1,"I will be responding to offers.","I will be proposing offers.","I will play with both AI and human participants.","Question not asked","Question not asked","Question not asked","Question not asked","Question not asked",1
"317","id0255","training_receiver_self",1,"I will be proposing offers.","I will be proposing offers.","I will play with both AI and human participants.","I will be training an AI to respond to offers.","No","No","The AI responder will not learn anything.","The AI responder will learn to accept $6",0
"318","id0255","training_receiver_self",2,"I will be responding to offers.","I will be responding to offers.","I will play with both AI and human participants.","I will be training an AI to respond to offers.","Yes","Yes","The AI responder will learn to accept $6","The AI responder will learn to reject $2",0
"319","id0255","training_receiver_self",3,"I will be responding to offers.","I will be proposing offers.","I will play with both AI and human participants.","I will be training an AI to respond to offers.","Yes","Yes","The AI responder will learn to accept $5","The AI responder will learn to reject $6",0
"320","id0255","training_receiver_self",4,"I will be responding to offers.","I will be proposing offers.","I will play with both AI and human participants.","I will be training an AI to respond to offers.","Yes","Yes","The AI responder will learn to accept $5","The AI responder will learn to reject $1",0
"321","id0255","training_receiver_self",5,"I will be responding to offers.","I will be proposing offers.","I will play with both AI and human participants.","I will be training an AI to respond to offers.","Yes","No","The AI responder will learn to accept $6","The AI responder will learn to reject $4",1
